HPD Project/Building ID,HPD Project Start Date,DOB Job Number,DOB Permit Date,"Community
District",CD AHFT Rank,Total Number Of New Affordable Dwelling Units,Project ID,Building ID_x,Project Name,Project Start Date,Project Completion Date,Building ID_y,Number,Street,Borough,Postcode,BBL,BIN,Community Board,Council District,Census Tract,NTA - Neighborhood Tabulation Area,Latitude,Longitude,Latitude (Internal),Longitude (Internal),Building Completion Date,Reporting Construction Type,Extended Affordability Only,Prevailing Wage Status,Extremely Low Income Units,Very Low Income Units,Low Income Units,Moderate Income Units,Middle Income Units,Other Income Units,Studio Units,1-BR Units,2-BR Units,3-BR Units,4-BR Units,5-BR Units,6-BR+ Units,Unknown-BR Units,Counted Rental Units,Counted Homeownership Units,All Counted Units,Total Units
81963/129615,2026-06-25,321762847,2020-02-28,BK10,1,3,81963,129615,7910 4TH AVENUE,06/25/2026,,129615.0,7910,4 AVENUE,Brooklyn,11209.0,3059790044.0,3150870.0,BK-10,47,64.0,BK31,40.627762,-74.026338,40.627724,-74.026706,,New Construction,No,Non Prevailing Wage,,,,,3.0,,,,3.0,,,,,,3.0,,3.0,10
74861/757878,2023-11-14,520358078,2020-03-06,SI03,2,4,74861,757878,217 MAIN STREET APARTMENTS,11/14/2023,,757878.0,217,MAIN STREET,Staten Island,10307.0,5080477501.0,5089269.0,SI-03,51,248.0,SI11,40.50991,-74.247685,40.510046,-74.247006,,New Construction,No,Non Prevailing Wage,,,,,4.0,,,,4.0,,,,,,4.0,,4.0,11
73250/1007110,2022-08-18,420658666,2021-05-10,QN13,3,3,73250,1007110,133-28 220 STREET APARTMENTS,08/18/2022,12/17/2025,1007110.0,133-28,220 STREET,Queens,11413.0,4129580112.0,4623562.0,QN-13,31,626.0,QN66,40.679414,-73.748859,40.679508,-73.749115,12/17/2025,New Construction,No,Non Prevailing Wage,,,,,3.0,,,,3.0,,,,,,3.0,,3.0,7
67201/989021,2022-02-23,420665630,2022-12-23,QN13,3,2,67201,989021,HABITAT NET ZERO,02/23/2022,,529131.0,126-01,116 AVENUE,Queens,11420.0,4116700040.0,4000000.0,QN-10,28,176.0,QN55,40.677051,-73.812475,40.677277,-73.812582,,New Construction,No,Non Prevailing Wage,,,,1.0,,,,,1.0,,,,,,,1.0,1.0,1
67201/989021,2022-02-23,420665630,2022-12-23,QN13,3,2,67201,989021,HABITAT NET ZERO,02/23/2022,,543067.0,114-11,130 STREET,Queens,11420.0,4116560067.0,4251748.0,QN-10,28,174.0,QN55,40.680889,-73.811415,40.680933,-73.811097,11/28/2023,Preservation,No,Non Prevailing Wage,,,,1.0,,,,,,,1.0,,,,,1.0,1.0,1
67201/989021,2022-02-23,420665630,2022-12-23,QN13,3,2,67201,989021,HABITAT NET ZERO,02/23/2022,,547824.0,133-24,135 PLACE,Queens,11420.0,4117950068.0,4256344.0,QN-10,28,814.0,QN55,40.66879,-73.802653,40.66826,-73.802925,11/28/2023,Preservation,No,Non Prevailing Wage,,,1.0,,,,,,,1.0,,,,,,1.0,1.0,1
67201/989021,2022-02-23,420665630,2022-12-23,QN13,3,2,67201,989021,HABITAT NET ZERO,02/23/2022,,552822.0,117-11,143 STREET,Queens,11436.0,4120170049.0,4000000.0,QN-12,28,18402.0,QN76,40.678762,-73.798034,40.678794,-73.797713,,New Construction,No,Non Prevailing Wage,,,,1.0,,,,,,,1.0,,,,,1.0,1.0,1
67201/989021,2022-02-23,420665630,2022-12-23,QN13,3,2,67201,989021,HABITAT NET ZERO,02/23/2022,,603516.0,106-10,215 STREET,Queens,11429.0,4110990062.0,4000000.0,QN-13,27,540.0,QN34,40.710561,-73.743468,40.710746,-73.743806,,New Construction,No,Non Prevailing Wage,,,1.0,,,,,,,,,1.0,,,,1.0,1.0,1
67201/989021,2022-02-23,420665630,2022-12-23,QN13,3,2,67201,989021,HABITAT NET ZERO,02/23/2022,,654963.0,142-06,FOCH BOULEVARD,Queens,11436.0,4120140003.0,4260618.0,QN-12,28,182.0,QN76,40.67875,-73.799426,40.678514,-73.799358,12/06/2023,Preservation,No,Non Prevailing Wage,,,1.0,,,,,,,1.0,,,,,,1.0,1.0,1
67201/989021,2022-02-23,420665630,2022-12-23,QN13,3,2,67201,989021,HABITAT NET ZERO,02/23/2022,,989014.0,198-16,116 AVENUE,Queens,11412.0,4110700147.0,4000000.0,QN-12,27,530.0,QN08,40.695543,-73.754406,40.695405,-73.753999,,New Construction,No,Non Prevailing Wage,,,1.0,,,,,,,,1.0,,,,,1.0,1.0,1
67201/989021,2022-02-23,420665630,2022-12-23,QN13,3,2,67201,989021,HABITAT NET ZERO,02/23/2022,,989017.0,214-15,HOLLIS AVENUE,Queens,11429.0,4110990076.0,4625005.0,QN-13,27,540.0,QN34,40.709884,-73.743871,40.710114,-73.743813,,New Construction,No,Non Prevailing Wage,,,,2.0,,,,,,2.0,,,,,,2.0,2.0,2
67201/989021,2022-02-23,420665630,2022-12-23,QN13,3,2,67201,989021,HABITAT NET ZERO,02/23/2022,,989018.0,99-19,194 STREET,Queens,11423.0,4108410001.0,4000000.0,QN-12,27,50201.0,QN07,40.709992,-73.765102,40.709717,-73.764706,,New Construction,No,Non Prevailing Wage,,,2.0,,,,,,,2.0,,,,,,2.0,2.0,2
67201/989021,2022-02-23,420665630,2022-12-23,QN13,3,2,67201,989021,HABITAT NET ZERO,02/23/2022,,989021.0,209-26,NASHVILLE BOULEVARD,Queens,11411.0,4110550021.0,4000000.0,QN-13,27,53401.0,QN33,40.698553,-73.743792,40.698747,-73.743445,,New Construction,No,Non Prevailing Wage,,,,2.0,,,,,,2.0,,,,,,2.0,2.0,2
67201/989021,2022-02-23,420665630,2022-12-23,QN13,3,2,67201,989021,HABITAT NET ZERO,02/23/2022,,989026.0,100-40,202 STREET,Queens,11423.0,4108680026.0,4232360.0,QN-12,27,50202.0,QN07,40.710701,-73.757553,40.709812,-73.757473,,New Construction,No,Non Prevailing Wage,,,1.0,,,,,,,1.0,,,,,,1.0,1.0,1
67201/989021,2022-02-23,420665630,2022-12-23,QN13,3,2,67201,989021,HABITAT NET ZERO,02/23/2022,,989028.0,111-50,WITTHOFF STREET,Queens,11429.0,4111270044.0,4000000.0,QN-13,27,538.0,QN34,40.706547,-73.743033,40.706523,-73.743509,,New Construction,No,Non Prevailing Wage,,,1.0,,,,,,1.0,,,,,,,1.0,1.0,1
67201/989021,2022-02-23,420665630,2022-12-23,QN13,3,2,67201,989021,HABITAT NET ZERO,02/23/2022,,989029.0,202-06,116 AVENUE,Queens,11412.0,4110740054.0,4000000.0,QN-12,27,530.0,QN08,40.696469,-73.750883,40.696307,-73.750681,,New Construction,No,Non Prevailing Wage,,,1.0,,,,,,,,1.0,,,,,1.0,1.0,1
67201/989017,2022-02-23,420665649,2022-11-02,QN13,3,2,67201,989017,HABITAT NET ZERO,02/23/2022,,529131.0,126-01,116 AVENUE,Queens,11420.0,4116700040.0,4000000.0,QN-10,28,176.0,QN55,40.677051,-73.812475,40.677277,-73.812582,,New Construction,No,Non Prevailing Wage,,,,1.0,,,,,1.0,,,,,,,1.0,1.0,1
67201/989017,2022-02-23,420665649,2022-11-02,QN13,3,2,67201,989017,HABITAT NET ZERO,02/23/2022,,543067.0,114-11,130 STREET,Queens,11420.0,4116560067.0,4251748.0,QN-10,28,174.0,QN55,40.680889,-73.811415,40.680933,-73.811097,11/28/2023,Preservation,No,Non Prevailing Wage,,,,1.0,,,,,,,1.0,,,,,1.0,1.0,1
67201/989017,2022-02-23,420665649,2022-11-02,QN13,3,2,67201,989017,HABITAT NET ZERO,02/23/2022,,547824.0,133-24,135 PLACE,Queens,11420.0,4117950068.0,4256344.0,QN-10,28,814.0,QN55,40.66879,-73.802653,40.66826,-73.802925,11/28/2023,Preservation,No,Non Prevailing Wage,,,1.0,,,,,,,1.0,,,,,,1.0,1.0,1
67201/989017,2022-02-23,420665649,2022-11-02,QN13,3,2,67201,989017,HABITAT NET ZERO,02/23/2022,,552822.0,117-11,143 STREET,Queens,11436.0,4120170049.0,4000000.0,QN-12,28,18402.0,QN76,40.678762,-73.798034,40.678794,-73.797713,,New Construction,No,Non Prevailing Wage,,,,1.0,,,,,,,1.0,,,,,1.0,1.0,1
67201/989017,2022-02-23,420665649,2022-11-02,QN13,3,2,67201,989017,HABITAT NET ZERO,02/23/2022,,603516.0,106-10,215 STREET,Queens,11429.0,4110990062.0,4000000.0,QN-13,27,540.0,QN34,40.710561,-73.743468,40.710746,-73.743806,,New Construction,No,Non Prevailing Wage,,,1.0,,,,,,,,,1.0,,,,1.0,1.0,1
67201/989017,2022-02-23,420665649,2022-11-02,QN13,3,2,67201,989017,HABITAT NET ZERO,02/23/2022,,654963.0,142-06,FOCH BOULEVARD,Queens,11436.0,4120140003.0,4260618.0,QN-12,28,182.0,QN76,40.67875,-73.799426,40.678514,-73.799358,12/06/2023,Preservation,No,Non Prevailing Wage,,,1.0,,,,,,,1.0,,,,,,1.0,1.0,1
67201/989017,2022-02-23,420665649,2022-11-02,QN13,3,2,67201,989017,HABITAT NET ZERO,02/23/2022,,989014.0,198-16,116 AVENUE,Queens,11412.0,4110700147.0,4000000.0,QN-12,27,530.0,QN08,40.695543,-73.754406,40.695405,-73.753999,,New Construction,No,Non Prevailing Wage,,,1.0,,,,,,,,1.0,,,,,1.0,1.0,1
67201/989017,2022-02-23,420665649,2022-11-02,QN13,3,2,67201,989017,HABITAT NET ZERO,02/23/2022,,989017.0,214-15,HOLLIS AVENUE,Queens,11429.0,4110990076.0,4625005.0,QN-13,27,540.0,QN34,40.709884,-73.743871,40.710114,-73.743813,,New Construction,No,Non Prevailing Wage,,,,2.0,,,,,,2.0,,,,,,2.0,2.0,2
67201/989017,2022-02-23,420665649,2022-11-02,QN13,3,2,67201,989017,HABITAT NET ZERO,02/23/2022,,989018.0,99-19,194 STREET,Queens,11423.0,4108410001.0,4000000.0,QN-12,27,50201.0,QN07,40.709992,-73.765102,40.709717,-73.764706,,New Construction,No,Non Prevailing Wage,,,2.0,,,,,,,2.0,,,,,,2.0,2.0,2
67201/989017,2022-02-23,420665649,2022-11-02,QN13,3,2,67201,989017,HABITAT NET ZERO,02/23/2022,,989021.0,209-26,NASHVILLE BOULEVARD,Queens,11411.0,4110550021.0,4000000.0,QN-13,27,53401.0,QN33,40.698553,-73.743792,40.698747,-73.743445,,New Construction,No,Non Prevailing Wage,,,,2.0,,,,,,2.0,,,,,,2.0,2.0,2
67201/989017,2022-02-23,420665649,2022-11-02,QN13,3,2,67201,989017,HABITAT NET ZERO,02/23/2022,,989026.0,100-40,202 STREET,Queens,11423.0,4108680026.0,4232360.0,QN-12,27,50202.0,QN07,40.710701,-73.757553,40.709812,-73.757473,,New Construction,No,Non Prevailing Wage,,,1.0,,,,,,,1.0,,,,,,1.0,1.0,1
67201/989017,2022-02-23,420665649,2022-11-02,QN13,3,2,67201,989017,HABITAT NET ZERO,02/23/2022,,989028.0,111-50,WITTHOFF STREET,Queens,11429.0,4111270044.0,4000000.0,QN-13,27,538.0,QN34,40.706547,-73.743033,40.706523,-73.743509,,New Construction,No,Non Prevailing Wage,,,1.0,,,,,,1.0,,,,,,,1.0,1.0,1
67201/989017,2022-02-23,420665649,2022-11-02,QN13,3,2,67201,989017,HABITAT NET ZERO,02/23/2022,,989029.0,202-06,116 AVENUE,Queens,11412.0,4110740054.0,4000000.0,QN-12,27,530.0,QN08,40.696469,-73.750883,40.696307,-73.750681,,New Construction,No,Non Prevailing Wage,,,1.0,,,,,,,,1.0,,,,,1.0,1.0,1
67201/989028,2022-02-23,420665532,2022-12-01,QN13,3,1,67201,989028,HABITAT NET ZERO,02/23/2022,,529131.0,126-01,116 AVENUE,Queens,11420.0,4116700040.0,4000000.0,QN-10,28,176.0,QN55,40.677051,-73.812475,40.677277,-73.812582,,New Construction,No,Non Prevailing Wage,,,,1.0,,,,,1.0,,,,,,,1.0,1.0,1
67201/989028,2022-02-23,420665532,2022-12-01,QN13,3,1,67201,989028,HABITAT NET ZERO,02/23/2022,,543067.0,114-11,130 STREET,Queens,11420.0,4116560067.0,4251748.0,QN-10,28,174.0,QN55,40.680889,-73.811415,40.680933,-73.811097,11/28/2023,Preservation,No,Non Prevailing Wage,,,,1.0,,,,,,,1.0,,,,,1.0,1.0,1
67201/989028,2022-02-23,420665532,2022-12-01,QN13,3,1,67201,989028,HABITAT NET ZERO,02/23/2022,,547824.0,133-24,135 PLACE,Queens,11420.0,4117950068.0,4256344.0,QN-10,28,814.0,QN55,40.66879,-73.802653,40.66826,-73.802925,11/28/2023,Preservation,No,Non Prevailing Wage,,,1.0,,,,,,,1.0,,,,,,1.0,1.0,1
67201/989028,2022-02-23,420665532,2022-12-01,QN13,3,1,67201,989028,HABITAT NET ZERO,02/23/2022,,552822.0,117-11,143 STREET,Queens,11436.0,4120170049.0,4000000.0,QN-12,28,18402.0,QN76,40.678762,-73.798034,40.678794,-73.797713,,New Construction,No,Non Prevailing Wage,,,,1.0,,,,,,,1.0,,,,,1.0,1.0,1
67201/989028,2022-02-23,420665532,2022-12-01,QN13,3,1,67201,989028,HABITAT NET ZERO,02/23/2022,,603516.0,106-10,215 STREET,Queens,11429.0,4110990062.0,4000000.0,QN-13,27,540.0,QN34,40.710561,-73.743468,40.710746,-73.743806,,New Construction,No,Non Prevailing Wage,,,1.0,,,,,,,,,1.0,,,,1.0,1.0,1
67201/989028,2022-02-23,420665532,2022-12-01,QN13,3,1,67201,989028,HABITAT NET ZERO,02/23/2022,,654963.0,142-06,FOCH BOULEVARD,Queens,11436.0,4120140003.0,4260618.0,QN-12,28,182.0,QN76,40.67875,-73.799426,40.678514,-73.799358,12/06/2023,Preservation,No,Non Prevailing Wage,,,1.0,,,,,,,1.0,,,,,,1.0,1.0,1
67201/989028,2022-02-23,420665532,2022-12-01,QN13,3,1,67201,989028,HABITAT NET ZERO,02/23/2022,,989014.0,198-16,116 AVENUE,Queens,11412.0,4110700147.0,4000000.0,QN-12,27,530.0,QN08,40.695543,-73.754406,40.695405,-73.753999,,New Construction,No,Non Prevailing Wage,,,1.0,,,,,,,,1.0,,,,,1.0,1.0,1
67201/989028,2022-02-23,420665532,2022-12-01,QN13,3,1,67201,989028,HABITAT NET ZERO,02/23/2022,,989017.0,214-15,HOLLIS AVENUE,Queens,11429.0,4110990076.0,4625005.0,QN-13,27,540.0,QN34,40.709884,-73.743871,40.710114,-73.743813,,New Construction,No,Non Prevailing Wage,,,,2.0,,,,,,2.0,,,,,,2.0,2.0,2
67201/989028,2022-02-23,420665532,2022-12-01,QN13,3,1,67201,989028,HABITAT NET ZERO,02/23/2022,,989018.0,99-19,194 STREET,Queens,11423.0,4108410001.0,4000000.0,QN-12,27,50201.0,QN07,40.709992,-73.765102,40.709717,-73.764706,,New Construction,No,Non Prevailing Wage,,,2.0,,,,,,,2.0,,,,,,2.0,2.0,2
67201/989028,2022-02-23,420665532,2022-12-01,QN13,3,1,67201,989028,HABITAT NET ZERO,02/23/2022,,989021.0,209-26,NASHVILLE BOULEVARD,Queens,11411.0,4110550021.0,4000000.0,QN-13,27,53401.0,QN33,40.698553,-73.743792,40.698747,-73.743445,,New Construction,No,Non Prevailing Wage,,,,2.0,,,,,,2.0,,,,,,2.0,2.0,2
67201/989028,2022-02-23,420665532,2022-12-01,QN13,3,1,67201,989028,HABITAT NET ZERO,02/23/2022,,989026.0,100-40,202 STREET,Queens,11423.0,4108680026.0,4232360.0,QN-12,27,50202.0,QN07,40.710701,-73.757553,40.709812,-73.757473,,New Construction,No,Non Prevailing Wage,,,1.0,,,,,,,1.0,,,,,,1.0,1.0,1
67201/989028,2022-02-23,420665532,2022-12-01,QN13,3,1,67201,989028,HABITAT NET ZERO,02/23/2022,,989028.0,111-50,WITTHOFF STREET,Queens,11429.0,4111270044.0,4000000.0,QN-13,27,538.0,QN34,40.706547,-73.743033,40.706523,-73.743509,,New Construction,No,Non Prevailing Wage,,,1.0,,,,,,1.0,,,,,,,1.0,1.0,1
67201/989028,2022-02-23,420665532,2022-12-01,QN13,3,1,67201,989028,HABITAT NET ZERO,02/23/2022,,989029.0,202-06,116 AVENUE,Queens,11412.0,4110740054.0,4000000.0,QN-12,27,530.0,QN08,40.696469,-73.750883,40.696307,-73.750681,,New Construction,No,Non Prevailing Wage,,,1.0,,,,,,,,1.0,,,,,1.0,1.0,1
67201/603516,2022-02-23,420665523,2022-11-15,QN13,3,1,67201,603516,HABITAT NET ZERO,02/23/2022,,529131.0,126-01,116 AVENUE,Queens,11420.0,4116700040.0,4000000.0,QN-10,28,176.0,QN55,40.677051,-73.812475,40.677277,-73.812582,,New Construction,No,Non Prevailing Wage,,,,1.0,,,,,1.0,,,,,,,1.0,1.0,1
67201/603516,2022-02-23,420665523,2022-11-15,QN13,3,1,67201,603516,HABITAT NET ZERO,02/23/2022,,543067.0,114-11,130 STREET,Queens,11420.0,4116560067.0,4251748.0,QN-10,28,174.0,QN55,40.680889,-73.811415,40.680933,-73.811097,11/28/2023,Preservation,No,Non Prevailing Wage,,,,1.0,,,,,,,1.0,,,,,1.0,1.0,1
67201/603516,2022-02-23,420665523,2022-11-15,QN13,3,1,67201,603516,HABITAT NET ZERO,02/23/2022,,547824.0,133-24,135 PLACE,Queens,11420.0,4117950068.0,4256344.0,QN-10,28,814.0,QN55,40.66879,-73.802653,40.66826,-73.802925,11/28/2023,Preservation,No,Non Prevailing Wage,,,1.0,,,,,,,1.0,,,,,,1.0,1.0,1
67201/603516,2022-02-23,420665523,2022-11-15,QN13,3,1,67201,603516,HABITAT NET ZERO,02/23/2022,,552822.0,117-11,143 STREET,Queens,11436.0,4120170049.0,4000000.0,QN-12,28,18402.0,QN76,40.678762,-73.798034,40.678794,-73.797713,,New Construction,No,Non Prevailing Wage,,,,1.0,,,,,,,1.0,,,,,1.0,1.0,1
67201/603516,2022-02-23,420665523,2022-11-15,QN13,3,1,67201,603516,HABITAT NET ZERO,02/23/2022,,603516.0,106-10,215 STREET,Queens,11429.0,4110990062.0,4000000.0,QN-13,27,540.0,QN34,40.710561,-73.743468,40.710746,-73.743806,,New Construction,No,Non Prevailing Wage,,,1.0,,,,,,,,,1.0,,,,1.0,1.0,1
67201/603516,2022-02-23,420665523,2022-11-15,QN13,3,1,67201,603516,HABITAT NET ZERO,02/23/2022,,654963.0,142-06,FOCH BOULEVARD,Queens,11436.0,4120140003.0,4260618.0,QN-12,28,182.0,QN76,40.67875,-73.799426,40.678514,-73.799358,12/06/2023,Preservation,No,Non Prevailing Wage,,,1.0,,,,,,,1.0,,,,,,1.0,1.0,1
67201/603516,2022-02-23,420665523,2022-11-15,QN13,3,1,67201,603516,HABITAT NET ZERO,02/23/2022,,989014.0,198-16,116 AVENUE,Queens,11412.0,4110700147.0,4000000.0,QN-12,27,530.0,QN08,40.695543,-73.754406,40.695405,-73.753999,,New Construction,No,Non Prevailing Wage,,,1.0,,,,,,,,1.0,,,,,1.0,1.0,1
67201/603516,2022-02-23,420665523,2022-11-15,QN13,3,1,67201,603516,HABITAT NET ZERO,02/23/2022,,989017.0,214-15,HOLLIS AVENUE,Queens,11429.0,4110990076.0,4625005.0,QN-13,27,540.0,QN34,40.709884,-73.743871,40.710114,-73.743813,,New Construction,No,Non Prevailing Wage,,,,2.0,,,,,,2.0,,,,,,2.0,2.0,2
67201/603516,2022-02-23,420665523,2022-11-15,QN13,3,1,67201,603516,HABITAT NET ZERO,02/23/2022,,989018.0,99-19,194 STREET,Queens,11423.0,4108410001.0,4000000.0,QN-12,27,50201.0,QN07,40.709992,-73.765102,40.709717,-73.764706,,New Construction,No,Non Prevailing Wage,,,2.0,,,,,,,2.0,,,,,,2.0,2.0,2
67201/603516,2022-02-23,420665523,2022-11-15,QN13,3,1,67201,603516,HABITAT NET ZERO,02/23/2022,,989021.0,209-26,NASHVILLE BOULEVARD,Queens,11411.0,4110550021.0,4000000.0,QN-13,27,53401.0,QN33,40.698553,-73.743792,40.698747,-73.743445,,New Construction,No,Non Prevailing Wage,,,,2.0,,,,,,2.0,,,,,,2.0,2.0,2
67201/603516,2022-02-23,420665523,2022-11-15,QN13,3,1,67201,603516,HABITAT NET ZERO,02/23/2022,,989026.0,100-40,202 STREET,Queens,11423.0,4108680026.0,4232360.0,QN-12,27,50202.0,QN07,40.710701,-73.757553,40.709812,-73.757473,,New Construction,No,Non Prevailing Wage,,,1.0,,,,,,,1.0,,,,,,1.0,1.0,1
67201/603516,2022-02-23,420665523,2022-11-15,QN13,3,1,67201,603516,HABITAT NET ZERO,02/23/2022,,989028.0,111-50,WITTHOFF STREET,Queens,11429.0,4111270044.0,4000000.0,QN-13,27,538.0,QN34,40.706547,-73.743033,40.706523,-73.743509,,New Construction,No,Non Prevailing Wage,,,1.0,,,,,,1.0,,,,,,,1.0,1.0,1
67201/603516,2022-02-23,420665523,2022-11-15,QN13,3,1,67201,603516,HABITAT NET ZERO,02/23/2022,,989029.0,202-06,116 AVENUE,Queens,11412.0,4110740054.0,4000000.0,QN-12,27,530.0,QN08,40.696469,-73.750883,40.696307,-73.750681,,New Construction,No,Non Prevailing Wage,,,1.0,,,,,,,,1.0,,,,,1.0,1.0,1
75383/990190,2024-01-23,Q00567901,2022-04-07,QN10,4,3,75383,990190,103-41 120TH STREET APARTMENTS,01/23/2024,07/16/2025,990190.0,103-41,120 STREET,Queens,11419.0,4095580045.0,4620913.0,QN-10,29,15802.0,QN55,40.687543,-73.823623,40.68718,-73.823087,07/16/2025,New Construction,No,Non Prevailing Wage,,,,,3.0,,,3.0,,,,,,,3.0,,3.0,10
67201/529131,2022-02-23,420665587,2022-11-22,QN10,4,1,67201,529131,HABITAT NET ZERO,02/23/2022,,529131.0,126-01,116 AVENUE,Queens,11420.0,4116700040.0,4000000.0,QN-10,28,176.0,QN55,40.677051,-73.812475,40.677277,-73.812582,,New Construction,No,Non Prevailing Wage,,,,1.0,,,,,1.0,,,,,,,1.0,1.0,1
67201/529131,2022-02-23,420665587,2022-11-22,QN10,4,1,67201,529131,HABITAT NET ZERO,02/23/2022,,543067.0,114-11,130 STREET,Queens,11420.0,4116560067.0,4251748.0,QN-10,28,174.0,QN55,40.680889,-73.811415,40.680933,-73.811097,11/28/2023,Preservation,No,Non Prevailing Wage,,,,1.0,,,,,,,1.0,,,,,1.0,1.0,1
67201/529131,2022-02-23,420665587,2022-11-22,QN10,4,1,67201,529131,HABITAT NET ZERO,02/23/2022,,547824.0,133-24,135 PLACE,Queens,11420.0,4117950068.0,4256344.0,QN-10,28,814.0,QN55,40.66879,-73.802653,40.66826,-73.802925,11/28/2023,Preservation,No,Non Prevailing Wage,,,1.0,,,,,,,1.0,,,,,,1.0,1.0,1
67201/529131,2022-02-23,420665587,2022-11-22,QN10,4,1,67201,529131,HABITAT NET ZERO,02/23/2022,,552822.0,117-11,143 STREET,Queens,11436.0,4120170049.0,4000000.0,QN-12,28,18402.0,QN76,40.678762,-73.798034,40.678794,-73.797713,,New Construction,No,Non Prevailing Wage,,,,1.0,,,,,,,1.0,,,,,1.0,1.0,1
67201/529131,2022-02-23,420665587,2022-11-22,QN10,4,1,67201,529131,HABITAT NET ZERO,02/23/2022,,603516.0,106-10,215 STREET,Queens,11429.0,4110990062.0,4000000.0,QN-13,27,540.0,QN34,40.710561,-73.743468,40.710746,-73.743806,,New Construction,No,Non Prevailing Wage,,,1.0,,,,,,,,,1.0,,,,1.0,1.0,1
67201/529131,2022-02-23,420665587,2022-11-22,QN10,4,1,67201,529131,HABITAT NET ZERO,02/23/2022,,654963.0,142-06,FOCH BOULEVARD,Queens,11436.0,4120140003.0,4260618.0,QN-12,28,182.0,QN76,40.67875,-73.799426,40.678514,-73.799358,12/06/2023,Preservation,No,Non Prevailing Wage,,,1.0,,,,,,,1.0,,,,,,1.0,1.0,1
67201/529131,2022-02-23,420665587,2022-11-22,QN10,4,1,67201,529131,HABITAT NET ZERO,02/23/2022,,989014.0,198-16,116 AVENUE,Queens,11412.0,4110700147.0,4000000.0,QN-12,27,530.0,QN08,40.695543,-73.754406,40.695405,-73.753999,,New Construction,No,Non Prevailing Wage,,,1.0,,,,,,,,1.0,,,,,1.0,1.0,1
67201/529131,2022-02-23,420665587,2022-11-22,QN10,4,1,67201,529131,HABITAT NET ZERO,02/23/2022,,989017.0,214-15,HOLLIS AVENUE,Queens,11429.0,4110990076.0,4625005.0,QN-13,27,540.0,QN34,40.709884,-73.743871,40.710114,-73.743813,,New Construction,No,Non Prevailing Wage,,,,2.0,,,,,,2.0,,,,,,2.0,2.0,2
67201/529131,2022-02-23,420665587,2022-11-22,QN10,4,1,67201,529131,HABITAT NET ZERO,02/23/2022,,989018.0,99-19,194 STREET,Queens,11423.0,4108410001.0,4000000.0,QN-12,27,50201.0,QN07,40.709992,-73.765102,40.709717,-73.764706,,New Construction,No,Non Prevailing Wage,,,2.0,,,,,,,2.0,,,,,,2.0,2.0,2
67201/529131,2022-02-23,420665587,2022-11-22,QN10,4,1,67201,529131,HABITAT NET ZERO,02/23/2022,,989021.0,209-26,NASHVILLE BOULEVARD,Queens,11411.0,4110550021.0,4000000.0,QN-13,27,53401.0,QN33,40.698553,-73.743792,40.698747,-73.743445,,New Construction,No,Non Prevailing Wage,,,,2.0,,,,,,2.0,,,,,,2.0,2.0,2
67201/529131,2022-02-23,420665587,2022-11-22,QN10,4,1,67201,529131,HABITAT NET ZERO,02/23/2022,,989026.0,100-40,202 STREET,Queens,11423.0,4108680026.0,4232360.0,QN-12,27,50202.0,QN07,40.710701,-73.757553,40.709812,-73.757473,,New Construction,No,Non Prevailing Wage,,,1.0,,,,,,,1.0,,,,,,1.0,1.0,1
67201/529131,2022-02-23,420665587,2022-11-22,QN10,4,1,67201,529131,HABITAT NET ZERO,02/23/2022,,989028.0,111-50,WITTHOFF STREET,Queens,11429.0,4111270044.0,4000000.0,QN-13,27,538.0,QN34,40.706547,-73.743033,40.706523,-73.743509,,New Construction,No,Non Prevailing Wage,,,1.0,,,,,,1.0,,,,,,,1.0,1.0,1
67201/529131,2022-02-23,420665587,2022-11-22,QN10,4,1,67201,529131,HABITAT NET ZERO,02/23/2022,,989029.0,202-06,116 AVENUE,Queens,11412.0,4110740054.0,4000000.0,QN-12,27,530.0,QN08,40.696469,-73.750883,40.696307,-73.750681,,New Construction,No,Non Prevailing Wage,,,1.0,,,,,,,,1.0,,,,,1.0,1.0,1
72255/673694,2021-10-11,421897380,2020-02-03,QN10,4,3,72255,673694,130-24 LIBERTY AVENUE,10/11/2021,,673694.0,130-24,LIBERTY AVENUE,Queens,11419.0,4095900008.0,4441638.0,QN-10,28,15801.0,QN55,40.689737,-73.815302,40.689766,-73.814772,,New Construction,No,Non Prevailing Wage,,,,,3.0,,,1.0,2.0,,,,,,3.0,,3.0,8
69582/1015474,2024-12-06,S00570422,2025-08-01,SI02,5,1,69582,1015474,URBAN ECOSPACES,12/06/2024,,970095.0,521,LINCOLN AVENUE,Staten Island,10306.0,5038020005.0,5000000.0,SI-02,50,11203.0,SI45,40.572601,-74.095968,40.572772,-74.095807,,New Construction,No,Non Prevailing Wage,,,,1.0,,,,,,1.0,,,,,,1.0,1.0,1
69582/1015474,2024-12-06,S00570422,2025-08-01,SI02,5,1,69582,1015474,URBAN ECOSPACES,12/06/2024,,1015467.0,770,PATTERSON AVENUE,Staten Island,10306.0,5038730028.0,5000000.0,SI-02,50,11203.0,SI45,40.572785,-74.089738,40.57262,-74.089712,,New Construction,No,Non Prevailing Wage,,,,2.0,,,,,,2.0,,,,,1.0,1.0,2.0,2
69582/1015474,2024-12-06,S00570422,2025-08-01,SI02,5,1,69582,1015474,URBAN ECOSPACES,12/06/2024,,1015468.0,529,GREELEY AVENUE,Staten Island,10306.0,5038810001.0,5000000.0,SI-02,50,11203.0,SI45,40.571434,-74.096712,40.571629,-74.09655,,New Construction,No,Non Prevailing Wage,,,,2.0,,,,,,2.0,,,,,1.0,1.0,2.0,2
69582/1015474,2024-12-06,S00570422,2025-08-01,SI02,5,1,69582,1015474,URBAN ECOSPACES,12/06/2024,,1015474.0,187,MORELAND STREET,Staten Island,10306.0,5037340041.0,5000000.0,SI-02,50,11203.0,SI45,40.574926,-74.096612,40.57503,-74.096767,,New Construction,No,Non Prevailing Wage,,,,1.0,,,,1.0,,,,,,,,1.0,1.0,1
69582/1015474,2024-12-06,S00570422,2025-08-01,SI02,5,1,69582,1015474,URBAN ECOSPACES,12/06/2024,,1015475.0,185,MORELAND STREET,Staten Island,10306.0,5037340039.0,5000000.0,SI-02,50,11203.0,SI45,40.574967,-74.096573,40.575096,-74.096706,,New Construction,No,Non Prevailing Wage,,,,2.0,,,,2.0,,,,,,,1.0,1.0,2.0,2
69582/1015474,2024-12-06,S00570422,2025-08-01,SI02,5,1,69582,1015474,URBAN ECOSPACES,12/06/2024,,1015476.0,181,MORELAND STREET,Staten Island,10306.0,5037340038.0,5000000.0,SI-02,50,11203.0,SI45,40.575052,-74.096494,40.575162,-74.096645,,New Construction,No,Non Prevailing Wage,,,,1.0,,,,1.0,,,,,,,,1.0,1.0,1
69582/1015474,2024-12-06,S00570422,2025-08-01,SI02,5,1,69582,1015474,URBAN ECOSPACES,12/06/2024,,1015477.0,457,LINCOLN AVENUE,Staten Island,10306.0,5037380005.0,5000000.0,SI-02,50,11203.0,SI45,40.573802,-74.098177,40.573922,-74.09808,,New Construction,No,Non Prevailing Wage,,,,1.0,,,,,,1.0,,,,,,1.0,1.0,1
69582/1015474,2024-12-06,S00570422,2025-08-01,SI02,5,1,69582,1015474,URBAN ECOSPACES,12/06/2024,,1015478.0,176,KISWICK STREET,Staten Island,10306.0,5037360020.0,5000000.0,SI-02,50,11203.0,SI45,40.574737,-74.095647,40.574636,-74.095431,,New Construction,No,Non Prevailing Wage,,,,1.0,,,,,,1.0,,,,,,1.0,1.0,1
69582/1015474,2024-12-06,S00570422,2025-08-01,SI02,5,1,69582,1015474,URBAN ECOSPACES,12/06/2024,,1015480.0,398,HAMDEN AVENUE,Staten Island,10306.0,5037280020.0,5000000.0,SI-02,50,11203.0,SI45,40.577072,-74.09713,40.576846,-74.097166,,New Construction,No,Non Prevailing Wage,,,,1.0,,,,,,1.0,,,,,,1.0,1.0,1
69582/1015474,2024-12-06,S00570422,2025-08-01,SI02,5,1,69582,1015474,URBAN ECOSPACES,12/06/2024,,1015482.0,123,FATHER CAPODANNO BOULEVARD,Staten Island,10305.0,5031240116.0,5000000.0,SI-02,50,74.0,SI14,40.593419,-74.063135,40.593649,-74.063304,,New Construction,No,Non Prevailing Wage,,,,2.0,,,,,2.0,,,,,,1.0,1.0,2.0,2
69582/1015474,2024-12-06,S00570422,2025-08-01,SI02,5,1,69582,1015474,URBAN ECOSPACES,12/06/2024,,1015483.0,455,LINCOLN AVENUE,Staten Island,10306.0,5037380006.0,5000000.0,SI-02,50,11203.0,SI45,40.573829,-74.098227,40.573972,-74.09817,,New Construction,No,Non Prevailing Wage,,,,1.0,,,,,,1.0,,,,,,1.0,1.0,1
69582/1015474,2024-12-06,S00570422,2025-08-01,SI02,5,1,69582,1015474,URBAN ECOSPACES,12/06/2024,,1015484.0,1144,OLYMPIA BOULEVARD,Staten Island,10306.0,5038840014.0,5000000.0,SI-02,50,11203.0,SI45,40.57106,-74.094674,40.570895,-74.094515,,New Construction,No,Non Prevailing Wage,,,,2.0,,,,,2.0,,,,,,1.0,1.0,2.0,2
69582/1015474,2024-12-06,S00570422,2025-08-01,SI02,5,1,69582,1015474,URBAN ECOSPACES,12/06/2024,,1015498.0,527,GREELEY AVENUE,Staten Island,10306.0,5038810003.0,5000000.0,SI-02,50,11203.0,SI45,40.571461,-74.096766,40.571678,-74.096636,,New Construction,No,Non Prevailing Wage,,,,2.0,,,,,,2.0,,,,,1.0,1.0,2.0,2
69582/1015474,2024-12-06,S00570422,2025-08-01,SI02,5,1,69582,1015474,URBAN ECOSPACES,12/06/2024,,1015499.0,111,GRIMSBY STREET,Staten Island,10306.0,5037950037.0,5000000.0,SI-02,50,11203.0,SI45,40.575382,-74.092858,40.57545,-74.093111,,New Construction,No,Non Prevailing Wage,,,,2.0,,,,,2.0,,,,,,1.0,1.0,2.0,2
69582/1015474,2024-12-06,S00570422,2025-08-01,SI02,5,1,69582,1015474,URBAN ECOSPACES,12/06/2024,,1015585.0,113,GRIMSBY STREET,Staten Island,10306.0,5037950037.0,5000000.0,SI-02,50,11203.0,SI45,40.575349,-74.092891,40.57545,-74.093111,,New Construction,No,Non Prevailing Wage,,,,2.0,,,,,2.0,,,,,,1.0,1.0,2.0,2
69582/1015482,2024-12-06,S00555909,2025-02-19,SI02,5,2,69582,1015482,URBAN ECOSPACES,12/06/2024,,970095.0,521,LINCOLN AVENUE,Staten Island,10306.0,5038020005.0,5000000.0,SI-02,50,11203.0,SI45,40.572601,-74.095968,40.572772,-74.095807,,New Construction,No,Non Prevailing Wage,,,,1.0,,,,,,1.0,,,,,,1.0,1.0,1
69582/1015482,2024-12-06,S00555909,2025-02-19,SI02,5,2,69582,1015482,URBAN ECOSPACES,12/06/2024,,1015467.0,770,PATTERSON AVENUE,Staten Island,10306.0,5038730028.0,5000000.0,SI-02,50,11203.0,SI45,40.572785,-74.089738,40.57262,-74.089712,,New Construction,No,Non Prevailing Wage,,,,2.0,,,,,,2.0,,,,,1.0,1.0,2.0,2
69582/1015482,2024-12-06,S00555909,2025-02-19,SI02,5,2,69582,1015482,URBAN ECOSPACES,12/06/2024,,1015468.0,529,GREELEY AVENUE,Staten Island,10306.0,5038810001.0,5000000.0,SI-02,50,11203.0,SI45,40.571434,-74.096712,40.571629,-74.09655,,New Construction,No,Non Prevailing Wage,,,,2.0,,,,,,2.0,,,,,1.0,1.0,2.0,2
69582/1015482,2024-12-06,S00555909,2025-02-19,SI02,5,2,69582,1015482,URBAN ECOSPACES,12/06/2024,,1015474.0,187,MORELAND STREET,Staten Island,10306.0,5037340041.0,5000000.0,SI-02,50,11203.0,SI45,40.574926,-74.096612,40.57503,-74.096767,,New Construction,No,Non Prevailing Wage,,,,1.0,,,,1.0,,,,,,,,1.0,1.0,1
69582/1015482,2024-12-06,S00555909,2025-02-19,SI02,5,2,69582,1015482,URBAN ECOSPACES,12/06/2024,,1015475.0,185,MORELAND STREET,Staten Island,10306.0,5037340039.0,5000000.0,SI-02,50,11203.0,SI45,40.574967,-74.096573,40.575096,-74.096706,,New Construction,No,Non Prevailing Wage,,,,2.0,,,,2.0,,,,,,,1.0,1.0,2.0,2
69582/1015482,2024-12-06,S00555909,2025-02-19,SI02,5,2,69582,1015482,URBAN ECOSPACES,12/06/2024,,1015476.0,181,MORELAND STREET,Staten Island,10306.0,5037340038.0,5000000.0,SI-02,50,11203.0,SI45,40.575052,-74.096494,40.575162,-74.096645,,New Construction,No,Non Prevailing Wage,,,,1.0,,,,1.0,,,,,,,,1.0,1.0,1
69582/1015482,2024-12-06,S00555909,2025-02-19,SI02,5,2,69582,1015482,URBAN ECOSPACES,12/06/2024,,1015477.0,457,LINCOLN AVENUE,Staten Island,10306.0,5037380005.0,5000000.0,SI-02,50,11203.0,SI45,40.573802,-74.098177,40.573922,-74.09808,,New Construction,No,Non Prevailing Wage,,,,1.0,,,,,,1.0,,,,,,1.0,1.0,1
69582/1015482,2024-12-06,S00555909,2025-02-19,SI02,5,2,69582,1015482,URBAN ECOSPACES,12/06/2024,,1015478.0,176,KISWICK STREET,Staten Island,10306.0,5037360020.0,5000000.0,SI-02,50,11203.0,SI45,40.574737,-74.095647,40.574636,-74.095431,,New Construction,No,Non Prevailing Wage,,,,1.0,,,,,,1.0,,,,,,1.0,1.0,1
69582/1015482,2024-12-06,S00555909,2025-02-19,SI02,5,2,69582,1015482,URBAN ECOSPACES,12/06/2024,,1015480.0,398,HAMDEN AVENUE,Staten Island,10306.0,5037280020.0,5000000.0,SI-02,50,11203.0,SI45,40.577072,-74.09713,40.576846,-74.097166,,New Construction,No,Non Prevailing Wage,,,,1.0,,,,,,1.0,,,,,,1.0,1.0,1
69582/1015482,2024-12-06,S00555909,2025-02-19,SI02,5,2,69582,1015482,URBAN ECOSPACES,12/06/2024,,1015482.0,123,FATHER CAPODANNO BOULEVARD,Staten Island,10305.0,5031240116.0,5000000.0,SI-02,50,74.0,SI14,40.593419,-74.063135,40.593649,-74.063304,,New Construction,No,Non Prevailing Wage,,,,2.0,,,,,2.0,,,,,,1.0,1.0,2.0,2
69582/1015482,2024-12-06,S00555909,2025-02-19,SI02,5,2,69582,1015482,URBAN ECOSPACES,12/06/2024,,1015483.0,455,LINCOLN AVENUE,Staten Island,10306.0,5037380006.0,5000000.0,SI-02,50,11203.0,SI45,40.573829,-74.098227,40.573972,-74.09817,,New Construction,No,Non Prevailing Wage,,,,1.0,,,,,,1.0,,,,,,1.0,1.0,1
69582/1015482,2024-12-06,S00555909,2025-02-19,SI02,5,2,69582,1015482,URBAN ECOSPACES,12/06/2024,,1015484.0,1144,OLYMPIA BOULEVARD,Staten Island,10306.0,5038840014.0,5000000.0,SI-02,50,11203.0,SI45,40.57106,-74.094674,40.570895,-74.094515,,New Construction,No,Non Prevailing Wage,,,,2.0,,,,,2.0,,,,,,1.0,1.0,2.0,2
69582/1015482,2024-12-06,S00555909,2025-02-19,SI02,5,2,69582,1015482,URBAN ECOSPACES,12/06/2024,,1015498.0,527,GREELEY AVENUE,Staten Island,10306.0,5038810003.0,5000000.0,SI-02,50,11203.0,SI45,40.571461,-74.096766,40.571678,-74.096636,,New Construction,No,Non Prevailing Wage,,,,2.0,,,,,,2.0,,,,,1.0,1.0,2.0,2
69582/1015482,2024-12-06,S00555909,2025-02-19,SI02,5,2,69582,1015482,URBAN ECOSPACES,12/06/2024,,1015499.0,111,GRIMSBY STREET,Staten Island,10306.0,5037950037.0,5000000.0,SI-02,50,11203.0,SI45,40.575382,-74.092858,40.57545,-74.093111,,New Construction,No,Non Prevailing Wage,,,,2.0,,,,,2.0,,,,,,1.0,1.0,2.0,2
69582/1015482,2024-12-06,S00555909,2025-02-19,SI02,5,2,69582,1015482,URBAN ECOSPACES,12/06/2024,,1015585.0,113,GRIMSBY STREET,Staten Island,10306.0,5037950037.0,5000000.0,SI-02,50,11203.0,SI45,40.575349,-74.092891,40.57545,-74.093111,,New Construction,No,Non Prevailing Wage,,,,2.0,,,,,2.0,,,,,,1.0,1.0,2.0,2
69582/1015477,2024-12-06,S00555943,2025-10-10,SI02,5,1,69582,1015477,URBAN ECOSPACES,12/06/2024,,970095.0,521,LINCOLN AVENUE,Staten Island,10306.0,5038020005.0,5000000.0,SI-02,50,11203.0,SI45,40.572601,-74.095968,40.572772,-74.095807,,New Construction,No,Non Prevailing Wage,,,,1.0,,,,,,1.0,,,,,,1.0,1.0,1
69582/1015477,2024-12-06,S00555943,2025-10-10,SI02,5,1,69582,1015477,URBAN ECOSPACES,12/06/2024,,1015467.0,770,PATTERSON AVENUE,Staten Island,10306.0,5038730028.0,5000000.0,SI-02,50,11203.0,SI45,40.572785,-74.089738,40.57262,-74.089712,,New Construction,No,Non Prevailing Wage,,,,2.0,,,,,,2.0,,,,,1.0,1.0,2.0,2
69582/1015477,2024-12-06,S00555943,2025-10-10,SI02,5,1,69582,1015477,URBAN ECOSPACES,12/06/2024,,1015468.0,529,GREELEY AVENUE,Staten Island,10306.0,5038810001.0,5000000.0,SI-02,50,11203.0,SI45,40.571434,-74.096712,40.571629,-74.09655,,New Construction,No,Non Prevailing Wage,,,,2.0,,,,,,2.0,,,,,1.0,1.0,2.0,2
69582/1015477,2024-12-06,S00555943,2025-10-10,SI02,5,1,69582,1015477,URBAN ECOSPACES,12/06/2024,,1015474.0,187,MORELAND STREET,Staten Island,10306.0,5037340041.0,5000000.0,SI-02,50,11203.0,SI45,40.574926,-74.096612,40.57503,-74.096767,,New Construction,No,Non Prevailing Wage,,,,1.0,,,,1.0,,,,,,,,1.0,1.0,1
69582/1015477,2024-12-06,S00555943,2025-10-10,SI02,5,1,69582,1015477,URBAN ECOSPACES,12/06/2024,,1015475.0,185,MORELAND STREET,Staten Island,10306.0,5037340039.0,5000000.0,SI-02,50,11203.0,SI45,40.574967,-74.096573,40.575096,-74.096706,,New Construction,No,Non Prevailing Wage,,,,2.0,,,,2.0,,,,,,,1.0,1.0,2.0,2
69582/1015477,2024-12-06,S00555943,2025-10-10,SI02,5,1,69582,1015477,URBAN ECOSPACES,12/06/2024,,1015476.0,181,MORELAND STREET,Staten Island,10306.0,5037340038.0,5000000.0,SI-02,50,11203.0,SI45,40.575052,-74.096494,40.575162,-74.096645,,New Construction,No,Non Prevailing Wage,,,,1.0,,,,1.0,,,,,,,,1.0,1.0,1
69582/1015477,2024-12-06,S00555943,2025-10-10,SI02,5,1,69582,1015477,URBAN ECOSPACES,12/06/2024,,1015477.0,457,LINCOLN AVENUE,Staten Island,10306.0,5037380005.0,5000000.0,SI-02,50,11203.0,SI45,40.573802,-74.098177,40.573922,-74.09808,,New Construction,No,Non Prevailing Wage,,,,1.0,,,,,,1.0,,,,,,1.0,1.0,1
69582/1015477,2024-12-06,S00555943,2025-10-10,SI02,5,1,69582,1015477,URBAN ECOSPACES,12/06/2024,,1015478.0,176,KISWICK STREET,Staten Island,10306.0,5037360020.0,5000000.0,SI-02,50,11203.0,SI45,40.574737,-74.095647,40.574636,-74.095431,,New Construction,No,Non Prevailing Wage,,,,1.0,,,,,,1.0,,,,,,1.0,1.0,1
69582/1015477,2024-12-06,S00555943,2025-10-10,SI02,5,1,69582,1015477,URBAN ECOSPACES,12/06/2024,,1015480.0,398,HAMDEN AVENUE,Staten Island,10306.0,5037280020.0,5000000.0,SI-02,50,11203.0,SI45,40.577072,-74.09713,40.576846,-74.097166,,New Construction,No,Non Prevailing Wage,,,,1.0,,,,,,1.0,,,,,,1.0,1.0,1
69582/1015477,2024-12-06,S00555943,2025-10-10,SI02,5,1,69582,1015477,URBAN ECOSPACES,12/06/2024,,1015482.0,123,FATHER CAPODANNO BOULEVARD,Staten Island,10305.0,5031240116.0,5000000.0,SI-02,50,74.0,SI14,40.593419,-74.063135,40.593649,-74.063304,,New Construction,No,Non Prevailing Wage,,,,2.0,,,,,2.0,,,,,,1.0,1.0,2.0,2
69582/1015477,2024-12-06,S00555943,2025-10-10,SI02,5,1,69582,1015477,URBAN ECOSPACES,12/06/2024,,1015483.0,455,LINCOLN AVENUE,Staten Island,10306.0,5037380006.0,5000000.0,SI-02,50,11203.0,SI45,40.573829,-74.098227,40.573972,-74.09817,,New Construction,No,Non Prevailing Wage,,,,1.0,,,,,,1.0,,,,,,1.0,1.0,1
69582/1015477,2024-12-06,S00555943,2025-10-10,SI02,5,1,69582,1015477,URBAN ECOSPACES,12/06/2024,,1015484.0,1144,OLYMPIA BOULEVARD,Staten Island,10306.0,5038840014.0,5000000.0,SI-02,50,11203.0,SI45,40.57106,-74.094674,40.570895,-74.094515,,New Construction,No,Non Prevailing Wage,,,,2.0,,,,,2.0,,,,,,1.0,1.0,2.0,2
69582/1015477,2024-12-06,S00555943,2025-10-10,SI02,5,1,69582,1015477,URBAN ECOSPACES,12/06/2024,,1015498.0,527,GREELEY AVENUE,Staten Island,10306.0,5038810003.0,5000000.0,SI-02,50,11203.0,SI45,40.571461,-74.096766,40.571678,-74.096636,,New Construction,No,Non Prevailing Wage,,,,2.0,,,,,,2.0,,,,,1.0,1.0,2.0,2
69582/1015477,2024-12-06,S00555943,2025-10-10,SI02,5,1,69582,1015477,URBAN ECOSPACES,12/06/2024,,1015499.0,111,GRIMSBY STREET,Staten Island,10306.0,5037950037.0,5000000.0,SI-02,50,11203.0,SI45,40.575382,-74.092858,40.57545,-74.093111,,New Construction,No,Non Prevailing Wage,,,,2.0,,,,,2.0,,,,,,1.0,1.0,2.0,2
69582/1015477,2024-12-06,S00555943,2025-10-10,SI02,5,1,69582,1015477,URBAN ECOSPACES,12/06/2024,,1015585.0,113,GRIMSBY STREET,Staten Island,10306.0,5037950037.0,5000000.0,SI-02,50,11203.0,SI45,40.575349,-74.092891,40.57545,-74.093111,,New Construction,No,Non Prevailing Wage,,,,2.0,,,,,2.0,,,,,,1.0,1.0,2.0,2
69582/1015476,2024-12-06,S00570405,2025-07-31,SI02,5,1,69582,1015476,URBAN ECOSPACES,12/06/2024,,970095.0,521,LINCOLN AVENUE,Staten Island,10306.0,5038020005.0,5000000.0,SI-02,50,11203.0,SI45,40.572601,-74.095968,40.572772,-74.095807,,New Construction,No,Non Prevailing Wage,,,,1.0,,,,,,1.0,,,,,,1.0,1.0,1
69582/1015476,2024-12-06,S00570405,2025-07-31,SI02,5,1,69582,1015476,URBAN ECOSPACES,12/06/2024,,1015467.0,770,PATTERSON AVENUE,Staten Island,10306.0,5038730028.0,5000000.0,SI-02,50,11203.0,SI45,40.572785,-74.089738,40.57262,-74.089712,,New Construction,No,Non Prevailing Wage,,,,2.0,,,,,,2.0,,,,,1.0,1.0,2.0,2
69582/1015476,2024-12-06,S00570405,2025-07-31,SI02,5,1,69582,1015476,URBAN ECOSPACES,12/06/2024,,1015468.0,529,GREELEY AVENUE,Staten Island,10306.0,5038810001.0,5000000.0,SI-02,50,11203.0,SI45,40.571434,-74.096712,40.571629,-74.09655,,New Construction,No,Non Prevailing Wage,,,,2.0,,,,,,2.0,,,,,1.0,1.0,2.0,2
69582/1015476,2024-12-06,S00570405,2025-07-31,SI02,5,1,69582,1015476,URBAN ECOSPACES,12/06/2024,,1015474.0,187,MORELAND STREET,Staten Island,10306.0,5037340041.0,5000000.0,SI-02,50,11203.0,SI45,40.574926,-74.096612,40.57503,-74.096767,,New Construction,No,Non Prevailing Wage,,,,1.0,,,,1.0,,,,,,,,1.0,1.0,1
69582/1015476,2024-12-06,S00570405,2025-07-31,SI02,5,1,69582,1015476,URBAN ECOSPACES,12/06/2024,,1015475.0,185,MORELAND STREET,Staten Island,10306.0,5037340039.0,5000000.0,SI-02,50,11203.0,SI45,40.574967,-74.096573,40.575096,-74.096706,,New Construction,No,Non Prevailing Wage,,,,2.0,,,,2.0,,,,,,,1.0,1.0,2.0,2
69582/1015476,2024-12-06,S00570405,2025-07-31,SI02,5,1,69582,1015476,URBAN ECOSPACES,12/06/2024,,1015476.0,181,MORELAND STREET,Staten Island,10306.0,5037340038.0,5000000.0,SI-02,50,11203.0,SI45,40.575052,-74.096494,40.575162,-74.096645,,New Construction,No,Non Prevailing Wage,,,,1.0,,,,1.0,,,,,,,,1.0,1.0,1
69582/1015476,2024-12-06,S00570405,2025-07-31,SI02,5,1,69582,1015476,URBAN ECOSPACES,12/06/2024,,1015477.0,457,LINCOLN AVENUE,Staten Island,10306.0,5037380005.0,5000000.0,SI-02,50,11203.0,SI45,40.573802,-74.098177,40.573922,-74.09808,,New Construction,No,Non Prevailing Wage,,,,1.0,,,,,,1.0,,,,,,1.0,1.0,1
69582/1015476,2024-12-06,S00570405,2025-07-31,SI02,5,1,69582,1015476,URBAN ECOSPACES,12/06/2024,,1015478.0,176,KISWICK STREET,Staten Island,10306.0,5037360020.0,5000000.0,SI-02,50,11203.0,SI45,40.574737,-74.095647,40.574636,-74.095431,,New Construction,No,Non Prevailing Wage,,,,1.0,,,,,,1.0,,,,,,1.0,1.0,1
69582/1015476,2024-12-06,S00570405,2025-07-31,SI02,5,1,69582,1015476,URBAN ECOSPACES,12/06/2024,,1015480.0,398,HAMDEN AVENUE,Staten Island,10306.0,5037280020.0,5000000.0,SI-02,50,11203.0,SI45,40.577072,-74.09713,40.576846,-74.097166,,New Construction,No,Non Prevailing Wage,,,,1.0,,,,,,1.0,,,,,,1.0,1.0,1
69582/1015476,2024-12-06,S00570405,2025-07-31,SI02,5,1,69582,1015476,URBAN ECOSPACES,12/06/2024,,1015482.0,123,FATHER CAPODANNO BOULEVARD,Staten Island,10305.0,5031240116.0,5000000.0,SI-02,50,74.0,SI14,40.593419,-74.063135,40.593649,-74.063304,,New Construction,No,Non Prevailing Wage,,,,2.0,,,,,2.0,,,,,,1.0,1.0,2.0,2
69582/1015476,2024-12-06,S00570405,2025-07-31,SI02,5,1,69582,1015476,URBAN ECOSPACES,12/06/2024,,1015483.0,455,LINCOLN AVENUE,Staten Island,10306.0,5037380006.0,5000000.0,SI-02,50,11203.0,SI45,40.573829,-74.098227,40.573972,-74.09817,,New Construction,No,Non Prevailing Wage,,,,1.0,,,,,,1.0,,,,,,1.0,1.0,1
69582/1015476,2024-12-06,S00570405,2025-07-31,SI02,5,1,69582,1015476,URBAN ECOSPACES,12/06/2024,,1015484.0,1144,OLYMPIA BOULEVARD,Staten Island,10306.0,5038840014.0,5000000.0,SI-02,50,11203.0,SI45,40.57106,-74.094674,40.570895,-74.094515,,New Construction,No,Non Prevailing Wage,,,,2.0,,,,,2.0,,,,,,1.0,1.0,2.0,2
69582/1015476,2024-12-06,S00570405,2025-07-31,SI02,5,1,69582,1015476,URBAN ECOSPACES,12/06/2024,,1015498.0,527,GREELEY AVENUE,Staten Island,10306.0,5038810003.0,5000000.0,SI-02,50,11203.0,SI45,40.571461,-74.096766,40.571678,-74.096636,,New Construction,No,Non Prevailing Wage,,,,2.0,,,,,,2.0,,,,,1.0,1.0,2.0,2
69582/1015476,2024-12-06,S00570405,2025-07-31,SI02,5,1,69582,1015476,URBAN ECOSPACES,12/06/2024,,1015499.0,111,GRIMSBY STREET,Staten Island,10306.0,5037950037.0,5000000.0,SI-02,50,11203.0,SI45,40.575382,-74.092858,40.57545,-74.093111,,New Construction,No,Non Prevailing Wage,,,,2.0,,,,,2.0,,,,,,1.0,1.0,2.0,2
69582/1015476,2024-12-06,S00570405,2025-07-31,SI02,5,1,69582,1015476,URBAN ECOSPACES,12/06/2024,,1015585.0,113,GRIMSBY STREET,Staten Island,10306.0,5037950037.0,5000000.0,SI-02,50,11203.0,SI45,40.575349,-74.092891,40.57545,-74.093111,,New Construction,No,Non Prevailing Wage,,,,2.0,,,,,2.0,,,,,,1.0,1.0,2.0,2
69582/1015467,2024-12-06,S00555960,2025-07-31,SI02,5,2,69582,1015467,URBAN ECOSPACES,12/06/2024,,970095.0,521,LINCOLN AVENUE,Staten Island,10306.0,5038020005.0,5000000.0,SI-02,50,11203.0,SI45,40.572601,-74.095968,40.572772,-74.095807,,New Construction,No,Non Prevailing Wage,,,,1.0,,,,,,1.0,,,,,,1.0,1.0,1
69582/1015467,2024-12-06,S00555960,2025-07-31,SI02,5,2,69582,1015467,URBAN ECOSPACES,12/06/2024,,1015467.0,770,PATTERSON AVENUE,Staten Island,10306.0,5038730028.0,5000000.0,SI-02,50,11203.0,SI45,40.572785,-74.089738,40.57262,-74.089712,,New Construction,No,Non Prevailing Wage,,,,2.0,,,,,,2.0,,,,,1.0,1.0,2.0,2
69582/1015467,2024-12-06,S00555960,2025-07-31,SI02,5,2,69582,1015467,URBAN ECOSPACES,12/06/2024,,1015468.0,529,GREELEY AVENUE,Staten Island,10306.0,5038810001.0,5000000.0,SI-02,50,11203.0,SI45,40.571434,-74.096712,40.571629,-74.09655,,New Construction,No,Non Prevailing Wage,,,,2.0,,,,,,2.0,,,,,1.0,1.0,2.0,2
69582/1015467,2024-12-06,S00555960,2025-07-31,SI02,5,2,69582,1015467,URBAN ECOSPACES,12/06/2024,,1015474.0,187,MORELAND STREET,Staten Island,10306.0,5037340041.0,5000000.0,SI-02,50,11203.0,SI45,40.574926,-74.096612,40.57503,-74.096767,,New Construction,No,Non Prevailing Wage,,,,1.0,,,,1.0,,,,,,,,1.0,1.0,1
69582/1015467,2024-12-06,S00555960,2025-07-31,SI02,5,2,69582,1015467,URBAN ECOSPACES,12/06/2024,,1015475.0,185,MORELAND STREET,Staten Island,10306.0,5037340039.0,5000000.0,SI-02,50,11203.0,SI45,40.574967,-74.096573,40.575096,-74.096706,,New Construction,No,Non Prevailing Wage,,,,2.0,,,,2.0,,,,,,,1.0,1.0,2.0,2
69582/1015467,2024-12-06,S00555960,2025-07-31,SI02,5,2,69582,1015467,URBAN ECOSPACES,12/06/2024,,1015476.0,181,MORELAND STREET,Staten Island,10306.0,5037340038.0,5000000.0,SI-02,50,11203.0,SI45,40.575052,-74.096494,40.575162,-74.096645,,New Construction,No,Non Prevailing Wage,,,,1.0,,,,1.0,,,,,,,,1.0,1.0,1
69582/1015467,2024-12-06,S00555960,2025-07-31,SI02,5,2,69582,1015467,URBAN ECOSPACES,12/06/2024,,1015477.0,457,LINCOLN AVENUE,Staten Island,10306.0,5037380005.0,5000000.0,SI-02,50,11203.0,SI45,40.573802,-74.098177,40.573922,-74.09808,,New Construction,No,Non Prevailing Wage,,,,1.0,,,,,,1.0,,,,,,1.0,1.0,1
69582/1015467,2024-12-06,S00555960,2025-07-31,SI02,5,2,69582,1015467,URBAN ECOSPACES,12/06/2024,,1015478.0,176,KISWICK STREET,Staten Island,10306.0,5037360020.0,5000000.0,SI-02,50,11203.0,SI45,40.574737,-74.095647,40.574636,-74.095431,,New Construction,No,Non Prevailing Wage,,,,1.0,,,,,,1.0,,,,,,1.0,1.0,1
69582/1015467,2024-12-06,S00555960,2025-07-31,SI02,5,2,69582,1015467,URBAN ECOSPACES,12/06/2024,,1015480.0,398,HAMDEN AVENUE,Staten Island,10306.0,5037280020.0,5000000.0,SI-02,50,11203.0,SI45,40.577072,-74.09713,40.576846,-74.097166,,New Construction,No,Non Prevailing Wage,,,,1.0,,,,,,1.0,,,,,,1.0,1.0,1
69582/1015467,2024-12-06,S00555960,2025-07-31,SI02,5,2,69582,1015467,URBAN ECOSPACES,12/06/2024,,1015482.0,123,FATHER CAPODANNO BOULEVARD,Staten Island,10305.0,5031240116.0,5000000.0,SI-02,50,74.0,SI14,40.593419,-74.063135,40.593649,-74.063304,,New Construction,No,Non Prevailing Wage,,,,2.0,,,,,2.0,,,,,,1.0,1.0,2.0,2
69582/1015467,2024-12-06,S00555960,2025-07-31,SI02,5,2,69582,1015467,URBAN ECOSPACES,12/06/2024,,1015483.0,455,LINCOLN AVENUE,Staten Island,10306.0,5037380006.0,5000000.0,SI-02,50,11203.0,SI45,40.573829,-74.098227,40.573972,-74.09817,,New Construction,No,Non Prevailing Wage,,,,1.0,,,,,,1.0,,,,,,1.0,1.0,1
69582/1015467,2024-12-06,S00555960,2025-07-31,SI02,5,2,69582,1015467,URBAN ECOSPACES,12/06/2024,,1015484.0,1144,OLYMPIA BOULEVARD,Staten Island,10306.0,5038840014.0,5000000.0,SI-02,50,11203.0,SI45,40.57106,-74.094674,40.570895,-74.094515,,New Construction,No,Non Prevailing Wage,,,,2.0,,,,,2.0,,,,,,1.0,1.0,2.0,2
69582/1015467,2024-12-06,S00555960,2025-07-31,SI02,5,2,69582,1015467,URBAN ECOSPACES,12/06/2024,,1015498.0,527,GREELEY AVENUE,Staten Island,10306.0,5038810003.0,5000000.0,SI-02,50,11203.0,SI45,40.571461,-74.096766,40.571678,-74.096636,,New Construction,No,Non Prevailing Wage,,,,2.0,,,,,,2.0,,,,,1.0,1.0,2.0,2
69582/1015467,2024-12-06,S00555960,2025-07-31,SI02,5,2,69582,1015467,URBAN ECOSPACES,12/06/2024,,1015499.0,111,GRIMSBY STREET,Staten Island,10306.0,5037950037.0,5000000.0,SI-02,50,11203.0,SI45,40.575382,-74.092858,40.57545,-74.093111,,New Construction,No,Non Prevailing Wage,,,,2.0,,,,,2.0,,,,,,1.0,1.0,2.0,2
69582/1015467,2024-12-06,S00555960,2025-07-31,SI02,5,2,69582,1015467,URBAN ECOSPACES,12/06/2024,,1015585.0,113,GRIMSBY STREET,Staten Island,10306.0,5037950037.0,5000000.0,SI-02,50,11203.0,SI45,40.575349,-74.092891,40.57545,-74.093111,,New Construction,No,Non Prevailing Wage,,,,2.0,,,,,2.0,,,,,,1.0,1.0,2.0,2
69582/1015484,2024-12-06,S00584046,2025-08-05,SI02,5,2,69582,1015484,URBAN ECOSPACES,12/06/2024,,970095.0,521,LINCOLN AVENUE,Staten Island,10306.0,5038020005.0,5000000.0,SI-02,50,11203.0,SI45,40.572601,-74.095968,40.572772,-74.095807,,New Construction,No,Non Prevailing Wage,,,,1.0,,,,,,1.0,,,,,,1.0,1.0,1
69582/1015484,2024-12-06,S00584046,2025-08-05,SI02,5,2,69582,1015484,URBAN ECOSPACES,12/06/2024,,1015467.0,770,PATTERSON AVENUE,Staten Island,10306.0,5038730028.0,5000000.0,SI-02,50,11203.0,SI45,40.572785,-74.089738,40.57262,-74.089712,,New Construction,No,Non Prevailing Wage,,,,2.0,,,,,,2.0,,,,,1.0,1.0,2.0,2
69582/1015484,2024-12-06,S00584046,2025-08-05,SI02,5,2,69582,1015484,URBAN ECOSPACES,12/06/2024,,1015468.0,529,GREELEY AVENUE,Staten Island,10306.0,5038810001.0,5000000.0,SI-02,50,11203.0,SI45,40.571434,-74.096712,40.571629,-74.09655,,New Construction,No,Non Prevailing Wage,,,,2.0,,,,,,2.0,,,,,1.0,1.0,2.0,2
69582/1015484,2024-12-06,S00584046,2025-08-05,SI02,5,2,69582,1015484,URBAN ECOSPACES,12/06/2024,,1015474.0,187,MORELAND STREET,Staten Island,10306.0,5037340041.0,5000000.0,SI-02,50,11203.0,SI45,40.574926,-74.096612,40.57503,-74.096767,,New Construction,No,Non Prevailing Wage,,,,1.0,,,,1.0,,,,,,,,1.0,1.0,1
69582/1015484,2024-12-06,S00584046,2025-08-05,SI02,5,2,69582,1015484,URBAN ECOSPACES,12/06/2024,,1015475.0,185,MORELAND STREET,Staten Island,10306.0,5037340039.0,5000000.0,SI-02,50,11203.0,SI45,40.574967,-74.096573,40.575096,-74.096706,,New Construction,No,Non Prevailing Wage,,,,2.0,,,,2.0,,,,,,,1.0,1.0,2.0,2
69582/1015484,2024-12-06,S00584046,2025-08-05,SI02,5,2,69582,1015484,URBAN ECOSPACES,12/06/2024,,1015476.0,181,MORELAND STREET,Staten Island,10306.0,5037340038.0,5000000.0,SI-02,50,11203.0,SI45,40.575052,-74.096494,40.575162,-74.096645,,New Construction,No,Non Prevailing Wage,,,,1.0,,,,1.0,,,,,,,,1.0,1.0,1
69582/1015484,2024-12-06,S00584046,2025-08-05,SI02,5,2,69582,1015484,URBAN ECOSPACES,12/06/2024,,1015477.0,457,LINCOLN AVENUE,Staten Island,10306.0,5037380005.0,5000000.0,SI-02,50,11203.0,SI45,40.573802,-74.098177,40.573922,-74.09808,,New Construction,No,Non Prevailing Wage,,,,1.0,,,,,,1.0,,,,,,1.0,1.0,1
69582/1015484,2024-12-06,S00584046,2025-08-05,SI02,5,2,69582,1015484,URBAN ECOSPACES,12/06/2024,,1015478.0,176,KISWICK STREET,Staten Island,10306.0,5037360020.0,5000000.0,SI-02,50,11203.0,SI45,40.574737,-74.095647,40.574636,-74.095431,,New Construction,No,Non Prevailing Wage,,,,1.0,,,,,,1.0,,,,,,1.0,1.0,1
69582/1015484,2024-12-06,S00584046,2025-08-05,SI02,5,2,69582,1015484,URBAN ECOSPACES,12/06/2024,,1015480.0,398,HAMDEN AVENUE,Staten Island,10306.0,5037280020.0,5000000.0,SI-02,50,11203.0,SI45,40.577072,-74.09713,40.576846,-74.097166,,New Construction,No,Non Prevailing Wage,,,,1.0,,,,,,1.0,,,,,,1.0,1.0,1
69582/1015484,2024-12-06,S00584046,2025-08-05,SI02,5,2,69582,1015484,URBAN ECOSPACES,12/06/2024,,1015482.0,123,FATHER CAPODANNO BOULEVARD,Staten Island,10305.0,5031240116.0,5000000.0,SI-02,50,74.0,SI14,40.593419,-74.063135,40.593649,-74.063304,,New Construction,No,Non Prevailing Wage,,,,2.0,,,,,2.0,,,,,,1.0,1.0,2.0,2
69582/1015484,2024-12-06,S00584046,2025-08-05,SI02,5,2,69582,1015484,URBAN ECOSPACES,12/06/2024,,1015483.0,455,LINCOLN AVENUE,Staten Island,10306.0,5037380006.0,5000000.0,SI-02,50,11203.0,SI45,40.573829,-74.098227,40.573972,-74.09817,,New Construction,No,Non Prevailing Wage,,,,1.0,,,,,,1.0,,,,,,1.0,1.0,1
69582/1015484,2024-12-06,S00584046,2025-08-05,SI02,5,2,69582,1015484,URBAN ECOSPACES,12/06/2024,,1015484.0,1144,OLYMPIA BOULEVARD,Staten Island,10306.0,5038840014.0,5000000.0,SI-02,50,11203.0,SI45,40.57106,-74.094674,40.570895,-74.094515,,New Construction,No,Non Prevailing Wage,,,,2.0,,,,,2.0,,,,,,1.0,1.0,2.0,2
69582/1015484,2024-12-06,S00584046,2025-08-05,SI02,5,2,69582,1015484,URBAN ECOSPACES,12/06/2024,,1015498.0,527,GREELEY AVENUE,Staten Island,10306.0,5038810003.0,5000000.0,SI-02,50,11203.0,SI45,40.571461,-74.096766,40.571678,-74.096636,,New Construction,No,Non Prevailing Wage,,,,2.0,,,,,,2.0,,,,,1.0,1.0,2.0,2
69582/1015484,2024-12-06,S00584046,2025-08-05,SI02,5,2,69582,1015484,URBAN ECOSPACES,12/06/2024,,1015499.0,111,GRIMSBY STREET,Staten Island,10306.0,5037950037.0,5000000.0,SI-02,50,11203.0,SI45,40.575382,-74.092858,40.57545,-74.093111,,New Construction,No,Non Prevailing Wage,,,,2.0,,,,,2.0,,,,,,1.0,1.0,2.0,2
69582/1015484,2024-12-06,S00584046,2025-08-05,SI02,5,2,69582,1015484,URBAN ECOSPACES,12/06/2024,,1015585.0,113,GRIMSBY STREET,Staten Island,10306.0,5037950037.0,5000000.0,SI-02,50,11203.0,SI45,40.575349,-74.092891,40.57545,-74.093111,,New Construction,No,Non Prevailing Wage,,,,2.0,,,,,2.0,,,,,,1.0,1.0,2.0,2
69582/1015475,2024-12-06,S00570442,2025-08-26,SI02,5,2,69582,1015475,URBAN ECOSPACES,12/06/2024,,970095.0,521,LINCOLN AVENUE,Staten Island,10306.0,5038020005.0,5000000.0,SI-02,50,11203.0,SI45,40.572601,-74.095968,40.572772,-74.095807,,New Construction,No,Non Prevailing Wage,,,,1.0,,,,,,1.0,,,,,,1.0,1.0,1
69582/1015475,2024-12-06,S00570442,2025-08-26,SI02,5,2,69582,1015475,URBAN ECOSPACES,12/06/2024,,1015467.0,770,PATTERSON AVENUE,Staten Island,10306.0,5038730028.0,5000000.0,SI-02,50,11203.0,SI45,40.572785,-74.089738,40.57262,-74.089712,,New Construction,No,Non Prevailing Wage,,,,2.0,,,,,,2.0,,,,,1.0,1.0,2.0,2
69582/1015475,2024-12-06,S00570442,2025-08-26,SI02,5,2,69582,1015475,URBAN ECOSPACES,12/06/2024,,1015468.0,529,GREELEY AVENUE,Staten Island,10306.0,5038810001.0,5000000.0,SI-02,50,11203.0,SI45,40.571434,-74.096712,40.571629,-74.09655,,New Construction,No,Non Prevailing Wage,,,,2.0,,,,,,2.0,,,,,1.0,1.0,2.0,2
69582/1015475,2024-12-06,S00570442,2025-08-26,SI02,5,2,69582,1015475,URBAN ECOSPACES,12/06/2024,,1015474.0,187,MORELAND STREET,Staten Island,10306.0,5037340041.0,5000000.0,SI-02,50,11203.0,SI45,40.574926,-74.096612,40.57503,-74.096767,,New Construction,No,Non Prevailing Wage,,,,1.0,,,,1.0,,,,,,,,1.0,1.0,1
69582/1015475,2024-12-06,S00570442,2025-08-26,SI02,5,2,69582,1015475,URBAN ECOSPACES,12/06/2024,,1015475.0,185,MORELAND STREET,Staten Island,10306.0,5037340039.0,5000000.0,SI-02,50,11203.0,SI45,40.574967,-74.096573,40.575096,-74.096706,,New Construction,No,Non Prevailing Wage,,,,2.0,,,,2.0,,,,,,,1.0,1.0,2.0,2
69582/1015475,2024-12-06,S00570442,2025-08-26,SI02,5,2,69582,1015475,URBAN ECOSPACES,12/06/2024,,1015476.0,181,MORELAND STREET,Staten Island,10306.0,5037340038.0,5000000.0,SI-02,50,11203.0,SI45,40.575052,-74.096494,40.575162,-74.096645,,New Construction,No,Non Prevailing Wage,,,,1.0,,,,1.0,,,,,,,,1.0,1.0,1
69582/1015475,2024-12-06,S00570442,2025-08-26,SI02,5,2,69582,1015475,URBAN ECOSPACES,12/06/2024,,1015477.0,457,LINCOLN AVENUE,Staten Island,10306.0,5037380005.0,5000000.0,SI-02,50,11203.0,SI45,40.573802,-74.098177,40.573922,-74.09808,,New Construction,No,Non Prevailing Wage,,,,1.0,,,,,,1.0,,,,,,1.0,1.0,1
69582/1015475,2024-12-06,S00570442,2025-08-26,SI02,5,2,69582,1015475,URBAN ECOSPACES,12/06/2024,,1015478.0,176,KISWICK STREET,Staten Island,10306.0,5037360020.0,5000000.0,SI-02,50,11203.0,SI45,40.574737,-74.095647,40.574636,-74.095431,,New Construction,No,Non Prevailing Wage,,,,1.0,,,,,,1.0,,,,,,1.0,1.0,1
69582/1015475,2024-12-06,S00570442,2025-08-26,SI02,5,2,69582,1015475,URBAN ECOSPACES,12/06/2024,,1015480.0,398,HAMDEN AVENUE,Staten Island,10306.0,5037280020.0,5000000.0,SI-02,50,11203.0,SI45,40.577072,-74.09713,40.576846,-74.097166,,New Construction,No,Non Prevailing Wage,,,,1.0,,,,,,1.0,,,,,,1.0,1.0,1
69582/1015475,2024-12-06,S00570442,2025-08-26,SI02,5,2,69582,1015475,URBAN ECOSPACES,12/06/2024,,1015482.0,123,FATHER CAPODANNO BOULEVARD,Staten Island,10305.0,5031240116.0,5000000.0,SI-02,50,74.0,SI14,40.593419,-74.063135,40.593649,-74.063304,,New Construction,No,Non Prevailing Wage,,,,2.0,,,,,2.0,,,,,,1.0,1.0,2.0,2
69582/1015475,2024-12-06,S00570442,2025-08-26,SI02,5,2,69582,1015475,URBAN ECOSPACES,12/06/2024,,1015483.0,455,LINCOLN AVENUE,Staten Island,10306.0,5037380006.0,5000000.0,SI-02,50,11203.0,SI45,40.573829,-74.098227,40.573972,-74.09817,,New Construction,No,Non Prevailing Wage,,,,1.0,,,,,,1.0,,,,,,1.0,1.0,1
69582/1015475,2024-12-06,S00570442,2025-08-26,SI02,5,2,69582,1015475,URBAN ECOSPACES,12/06/2024,,1015484.0,1144,OLYMPIA BOULEVARD,Staten Island,10306.0,5038840014.0,5000000.0,SI-02,50,11203.0,SI45,40.57106,-74.094674,40.570895,-74.094515,,New Construction,No,Non Prevailing Wage,,,,2.0,,,,,2.0,,,,,,1.0,1.0,2.0,2
69582/1015475,2024-12-06,S00570442,2025-08-26,SI02,5,2,69582,1015475,URBAN ECOSPACES,12/06/2024,,1015498.0,527,GREELEY AVENUE,Staten Island,10306.0,5038810003.0,5000000.0,SI-02,50,11203.0,SI45,40.571461,-74.096766,40.571678,-74.096636,,New Construction,No,Non Prevailing Wage,,,,2.0,,,,,,2.0,,,,,1.0,1.0,2.0,2
69582/1015475,2024-12-06,S00570442,2025-08-26,SI02,5,2,69582,1015475,URBAN ECOSPACES,12/06/2024,,1015499.0,111,GRIMSBY STREET,Staten Island,10306.0,5037950037.0,5000000.0,SI-02,50,11203.0,SI45,40.575382,-74.092858,40.57545,-74.093111,,New Construction,No,Non Prevailing Wage,,,,2.0,,,,,2.0,,,,,,1.0,1.0,2.0,2
69582/1015475,2024-12-06,S00570442,2025-08-26,SI02,5,2,69582,1015475,URBAN ECOSPACES,12/06/2024,,1015585.0,113,GRIMSBY STREET,Staten Island,10306.0,5037950037.0,5000000.0,SI-02,50,11203.0,SI45,40.575349,-74.092891,40.57545,-74.093111,,New Construction,No,Non Prevailing Wage,,,,2.0,,,,,2.0,,,,,,1.0,1.0,2.0,2
69582/1015480,2024-12-06,S00570509,2025-07-02,SI02,5,1,69582,1015480,URBAN ECOSPACES,12/06/2024,,970095.0,521,LINCOLN AVENUE,Staten Island,10306.0,5038020005.0,5000000.0,SI-02,50,11203.0,SI45,40.572601,-74.095968,40.572772,-74.095807,,New Construction,No,Non Prevailing Wage,,,,1.0,,,,,,1.0,,,,,,1.0,1.0,1
69582/1015480,2024-12-06,S00570509,2025-07-02,SI02,5,1,69582,1015480,URBAN ECOSPACES,12/06/2024,,1015467.0,770,PATTERSON AVENUE,Staten Island,10306.0,5038730028.0,5000000.0,SI-02,50,11203.0,SI45,40.572785,-74.089738,40.57262,-74.089712,,New Construction,No,Non Prevailing Wage,,,,2.0,,,,,,2.0,,,,,1.0,1.0,2.0,2
69582/1015480,2024-12-06,S00570509,2025-07-02,SI02,5,1,69582,1015480,URBAN ECOSPACES,12/06/2024,,1015468.0,529,GREELEY AVENUE,Staten Island,10306.0,5038810001.0,5000000.0,SI-02,50,11203.0,SI45,40.571434,-74.096712,40.571629,-74.09655,,New Construction,No,Non Prevailing Wage,,,,2.0,,,,,,2.0,,,,,1.0,1.0,2.0,2
69582/1015480,2024-12-06,S00570509,2025-07-02,SI02,5,1,69582,1015480,URBAN ECOSPACES,12/06/2024,,1015474.0,187,MORELAND STREET,Staten Island,10306.0,5037340041.0,5000000.0,SI-02,50,11203.0,SI45,40.574926,-74.096612,40.57503,-74.096767,,New Construction,No,Non Prevailing Wage,,,,1.0,,,,1.0,,,,,,,,1.0,1.0,1
69582/1015480,2024-12-06,S00570509,2025-07-02,SI02,5,1,69582,1015480,URBAN ECOSPACES,12/06/2024,,1015475.0,185,MORELAND STREET,Staten Island,10306.0,5037340039.0,5000000.0,SI-02,50,11203.0,SI45,40.574967,-74.096573,40.575096,-74.096706,,New Construction,No,Non Prevailing Wage,,,,2.0,,,,2.0,,,,,,,1.0,1.0,2.0,2
69582/1015480,2024-12-06,S00570509,2025-07-02,SI02,5,1,69582,1015480,URBAN ECOSPACES,12/06/2024,,1015476.0,181,MORELAND STREET,Staten Island,10306.0,5037340038.0,5000000.0,SI-02,50,11203.0,SI45,40.575052,-74.096494,40.575162,-74.096645,,New Construction,No,Non Prevailing Wage,,,,1.0,,,,1.0,,,,,,,,1.0,1.0,1
69582/1015480,2024-12-06,S00570509,2025-07-02,SI02,5,1,69582,1015480,URBAN ECOSPACES,12/06/2024,,1015477.0,457,LINCOLN AVENUE,Staten Island,10306.0,5037380005.0,5000000.0,SI-02,50,11203.0,SI45,40.573802,-74.098177,40.573922,-74.09808,,New Construction,No,Non Prevailing Wage,,,,1.0,,,,,,1.0,,,,,,1.0,1.0,1
69582/1015480,2024-12-06,S00570509,2025-07-02,SI02,5,1,69582,1015480,URBAN ECOSPACES,12/06/2024,,1015478.0,176,KISWICK STREET,Staten Island,10306.0,5037360020.0,5000000.0,SI-02,50,11203.0,SI45,40.574737,-74.095647,40.574636,-74.095431,,New Construction,No,Non Prevailing Wage,,,,1.0,,,,,,1.0,,,,,,1.0,1.0,1
69582/1015480,2024-12-06,S00570509,2025-07-02,SI02,5,1,69582,1015480,URBAN ECOSPACES,12/06/2024,,1015480.0,398,HAMDEN AVENUE,Staten Island,10306.0,5037280020.0,5000000.0,SI-02,50,11203.0,SI45,40.577072,-74.09713,40.576846,-74.097166,,New Construction,No,Non Prevailing Wage,,,,1.0,,,,,,1.0,,,,,,1.0,1.0,1
69582/1015480,2024-12-06,S00570509,2025-07-02,SI02,5,1,69582,1015480,URBAN ECOSPACES,12/06/2024,,1015482.0,123,FATHER CAPODANNO BOULEVARD,Staten Island,10305.0,5031240116.0,5000000.0,SI-02,50,74.0,SI14,40.593419,-74.063135,40.593649,-74.063304,,New Construction,No,Non Prevailing Wage,,,,2.0,,,,,2.0,,,,,,1.0,1.0,2.0,2
69582/1015480,2024-12-06,S00570509,2025-07-02,SI02,5,1,69582,1015480,URBAN ECOSPACES,12/06/2024,,1015483.0,455,LINCOLN AVENUE,Staten Island,10306.0,5037380006.0,5000000.0,SI-02,50,11203.0,SI45,40.573829,-74.098227,40.573972,-74.09817,,New Construction,No,Non Prevailing Wage,,,,1.0,,,,,,1.0,,,,,,1.0,1.0,1
69582/1015480,2024-12-06,S00570509,2025-07-02,SI02,5,1,69582,1015480,URBAN ECOSPACES,12/06/2024,,1015484.0,1144,OLYMPIA BOULEVARD,Staten Island,10306.0,5038840014.0,5000000.0,SI-02,50,11203.0,SI45,40.57106,-74.094674,40.570895,-74.094515,,New Construction,No,Non Prevailing Wage,,,,2.0,,,,,2.0,,,,,,1.0,1.0,2.0,2
69582/1015480,2024-12-06,S00570509,2025-07-02,SI02,5,1,69582,1015480,URBAN ECOSPACES,12/06/2024,,1015498.0,527,GREELEY AVENUE,Staten Island,10306.0,5038810003.0,5000000.0,SI-02,50,11203.0,SI45,40.571461,-74.096766,40.571678,-74.096636,,New Construction,No,Non Prevailing Wage,,,,2.0,,,,,,2.0,,,,,1.0,1.0,2.0,2
69582/1015480,2024-12-06,S00570509,2025-07-02,SI02,5,1,69582,1015480,URBAN ECOSPACES,12/06/2024,,1015499.0,111,GRIMSBY STREET,Staten Island,10306.0,5037950037.0,5000000.0,SI-02,50,11203.0,SI45,40.575382,-74.092858,40.57545,-74.093111,,New Construction,No,Non Prevailing Wage,,,,2.0,,,,,2.0,,,,,,1.0,1.0,2.0,2
69582/1015480,2024-12-06,S00570509,2025-07-02,SI02,5,1,69582,1015480,URBAN ECOSPACES,12/06/2024,,1015585.0,113,GRIMSBY STREET,Staten Island,10306.0,5037950037.0,5000000.0,SI-02,50,11203.0,SI45,40.575349,-74.092891,40.57545,-74.093111,,New Construction,No,Non Prevailing Wage,,,,2.0,,,,,2.0,,,,,,1.0,1.0,2.0,2
69582/1015468,2024-12-06,S00584262,2025-02-18,SI02,5,2,69582,1015468,URBAN ECOSPACES,12/06/2024,,970095.0,521,LINCOLN AVENUE,Staten Island,10306.0,5038020005.0,5000000.0,SI-02,50,11203.0,SI45,40.572601,-74.095968,40.572772,-74.095807,,New Construction,No,Non Prevailing Wage,,,,1.0,,,,,,1.0,,,,,,1.0,1.0,1
69582/1015468,2024-12-06,S00584262,2025-02-18,SI02,5,2,69582,1015468,URBAN ECOSPACES,12/06/2024,,1015467.0,770,PATTERSON AVENUE,Staten Island,10306.0,5038730028.0,5000000.0,SI-02,50,11203.0,SI45,40.572785,-74.089738,40.57262,-74.089712,,New Construction,No,Non Prevailing Wage,,,,2.0,,,,,,2.0,,,,,1.0,1.0,2.0,2
69582/1015468,2024-12-06,S00584262,2025-02-18,SI02,5,2,69582,1015468,URBAN ECOSPACES,12/06/2024,,1015468.0,529,GREELEY AVENUE,Staten Island,10306.0,5038810001.0,5000000.0,SI-02,50,11203.0,SI45,40.571434,-74.096712,40.571629,-74.09655,,New Construction,No,Non Prevailing Wage,,,,2.0,,,,,,2.0,,,,,1.0,1.0,2.0,2
69582/1015468,2024-12-06,S00584262,2025-02-18,SI02,5,2,69582,1015468,URBAN ECOSPACES,12/06/2024,,1015474.0,187,MORELAND STREET,Staten Island,10306.0,5037340041.0,5000000.0,SI-02,50,11203.0,SI45,40.574926,-74.096612,40.57503,-74.096767,,New Construction,No,Non Prevailing Wage,,,,1.0,,,,1.0,,,,,,,,1.0,1.0,1
69582/1015468,2024-12-06,S00584262,2025-02-18,SI02,5,2,69582,1015468,URBAN ECOSPACES,12/06/2024,,1015475.0,185,MORELAND STREET,Staten Island,10306.0,5037340039.0,5000000.0,SI-02,50,11203.0,SI45,40.574967,-74.096573,40.575096,-74.096706,,New Construction,No,Non Prevailing Wage,,,,2.0,,,,2.0,,,,,,,1.0,1.0,2.0,2
69582/1015468,2024-12-06,S00584262,2025-02-18,SI02,5,2,69582,1015468,URBAN ECOSPACES,12/06/2024,,1015476.0,181,MORELAND STREET,Staten Island,10306.0,5037340038.0,5000000.0,SI-02,50,11203.0,SI45,40.575052,-74.096494,40.575162,-74.096645,,New Construction,No,Non Prevailing Wage,,,,1.0,,,,1.0,,,,,,,,1.0,1.0,1
69582/1015468,2024-12-06,S00584262,2025-02-18,SI02,5,2,69582,1015468,URBAN ECOSPACES,12/06/2024,,1015477.0,457,LINCOLN AVENUE,Staten Island,10306.0,5037380005.0,5000000.0,SI-02,50,11203.0,SI45,40.573802,-74.098177,40.573922,-74.09808,,New Construction,No,Non Prevailing Wage,,,,1.0,,,,,,1.0,,,,,,1.0,1.0,1
69582/1015468,2024-12-06,S00584262,2025-02-18,SI02,5,2,69582,1015468,URBAN ECOSPACES,12/06/2024,,1015478.0,176,KISWICK STREET,Staten Island,10306.0,5037360020.0,5000000.0,SI-02,50,11203.0,SI45,40.574737,-74.095647,40.574636,-74.095431,,New Construction,No,Non Prevailing Wage,,,,1.0,,,,,,1.0,,,,,,1.0,1.0,1
69582/1015468,2024-12-06,S00584262,2025-02-18,SI02,5,2,69582,1015468,URBAN ECOSPACES,12/06/2024,,1015480.0,398,HAMDEN AVENUE,Staten Island,10306.0,5037280020.0,5000000.0,SI-02,50,11203.0,SI45,40.577072,-74.09713,40.576846,-74.097166,,New Construction,No,Non Prevailing Wage,,,,1.0,,,,,,1.0,,,,,,1.0,1.0,1
69582/1015468,2024-12-06,S00584262,2025-02-18,SI02,5,2,69582,1015468,URBAN ECOSPACES,12/06/2024,,1015482.0,123,FATHER CAPODANNO BOULEVARD,Staten Island,10305.0,5031240116.0,5000000.0,SI-02,50,74.0,SI14,40.593419,-74.063135,40.593649,-74.063304,,New Construction,No,Non Prevailing Wage,,,,2.0,,,,,2.0,,,,,,1.0,1.0,2.0,2
69582/1015468,2024-12-06,S00584262,2025-02-18,SI02,5,2,69582,1015468,URBAN ECOSPACES,12/06/2024,,1015483.0,455,LINCOLN AVENUE,Staten Island,10306.0,5037380006.0,5000000.0,SI-02,50,11203.0,SI45,40.573829,-74.098227,40.573972,-74.09817,,New Construction,No,Non Prevailing Wage,,,,1.0,,,,,,1.0,,,,,,1.0,1.0,1
69582/1015468,2024-12-06,S00584262,2025-02-18,SI02,5,2,69582,1015468,URBAN ECOSPACES,12/06/2024,,1015484.0,1144,OLYMPIA BOULEVARD,Staten Island,10306.0,5038840014.0,5000000.0,SI-02,50,11203.0,SI45,40.57106,-74.094674,40.570895,-74.094515,,New Construction,No,Non Prevailing Wage,,,,2.0,,,,,2.0,,,,,,1.0,1.0,2.0,2
69582/1015468,2024-12-06,S00584262,2025-02-18,SI02,5,2,69582,1015468,URBAN ECOSPACES,12/06/2024,,1015498.0,527,GREELEY AVENUE,Staten Island,10306.0,5038810003.0,5000000.0,SI-02,50,11203.0,SI45,40.571461,-74.096766,40.571678,-74.096636,,New Construction,No,Non Prevailing Wage,,,,2.0,,,,,,2.0,,,,,1.0,1.0,2.0,2
69582/1015468,2024-12-06,S00584262,2025-02-18,SI02,5,2,69582,1015468,URBAN ECOSPACES,12/06/2024,,1015499.0,111,GRIMSBY STREET,Staten Island,10306.0,5037950037.0,5000000.0,SI-02,50,11203.0,SI45,40.575382,-74.092858,40.57545,-74.093111,,New Construction,No,Non Prevailing Wage,,,,2.0,,,,,2.0,,,,,,1.0,1.0,2.0,2
69582/1015468,2024-12-06,S00584262,2025-02-18,SI02,5,2,69582,1015468,URBAN ECOSPACES,12/06/2024,,1015585.0,113,GRIMSBY STREET,Staten Island,10306.0,5037950037.0,5000000.0,SI-02,50,11203.0,SI45,40.575349,-74.092891,40.57545,-74.093111,,New Construction,No,Non Prevailing Wage,,,,2.0,,,,,2.0,,,,,,1.0,1.0,2.0,2
"69582/1015499, 69582/1015585",2024-12-06,S00587462,2026-06-08,SI02,5,4,69582,"1015499, 69582/1015585",URBAN ECOSPACES,12/06/2024,,970095.0,521,LINCOLN AVENUE,Staten Island,10306.0,5038020005.0,5000000.0,SI-02,50,11203.0,SI45,40.572601,-74.095968,40.572772,-74.095807,,New Construction,No,Non Prevailing Wage,,,,1.0,,,,,,1.0,,,,,,1.0,1.0,1
"69582/1015499, 69582/1015585",2024-12-06,S00587462,2026-06-08,SI02,5,4,69582,"1015499, 69582/1015585",URBAN ECOSPACES,12/06/2024,,1015467.0,770,PATTERSON AVENUE,Staten Island,10306.0,5038730028.0,5000000.0,SI-02,50,11203.0,SI45,40.572785,-74.089738,40.57262,-74.089712,,New Construction,No,Non Prevailing Wage,,,,2.0,,,,,,2.0,,,,,1.0,1.0,2.0,2
"69582/1015499, 69582/1015585",2024-12-06,S00587462,2026-06-08,SI02,5,4,69582,"1015499, 69582/1015585",URBAN ECOSPACES,12/06/2024,,1015468.0,529,GREELEY AVENUE,Staten Island,10306.0,5038810001.0,5000000.0,SI-02,50,11203.0,SI45,40.571434,-74.096712,40.571629,-74.09655,,New Construction,No,Non Prevailing Wage,,,,2.0,,,,,,2.0,,,,,1.0,1.0,2.0,2
"69582/1015499, 69582/1015585",2024-12-06,S00587462,2026-06-08,SI02,5,4,69582,"1015499, 69582/1015585",URBAN ECOSPACES,12/06/2024,,1015474.0,187,MORELAND STREET,Staten Island,10306.0,5037340041.0,5000000.0,SI-02,50,11203.0,SI45,40.574926,-74.096612,40.57503,-74.096767,,New Construction,No,Non Prevailing Wage,,,,1.0,,,,1.0,,,,,,,,1.0,1.0,1
"69582/1015499, 69582/1015585",2024-12-06,S00587462,2026-06-08,SI02,5,4,69582,"1015499, 69582/1015585",URBAN ECOSPACES,12/06/2024,,1015475.0,185,MORELAND STREET,Staten Island,10306.0,5037340039.0,5000000.0,SI-02,50,11203.0,SI45,40.574967,-74.096573,40.575096,-74.096706,,New Construction,No,Non Prevailing Wage,,,,2.0,,,,2.0,,,,,,,1.0,1.0,2.0,2
"69582/1015499, 69582/1015585",2024-12-06,S00587462,2026-06-08,SI02,5,4,69582,"1015499, 69582/1015585",URBAN ECOSPACES,12/06/2024,,1015476.0,181,MORELAND STREET,Staten Island,10306.0,5037340038.0,5000000.0,SI-02,50,11203.0,SI45,40.575052,-74.096494,40.575162,-74.096645,,New Construction,No,Non Prevailing Wage,,,,1.0,,,,1.0,,,,,,,,1.0,1.0,1
"69582/1015499, 69582/1015585",2024-12-06,S00587462,2026-06-08,SI02,5,4,69582,"1015499, 69582/1015585",URBAN ECOSPACES,12/06/2024,,1015477.0,457,LINCOLN AVENUE,Staten Island,10306.0,5037380005.0,5000000.0,SI-02,50,11203.0,SI45,40.573802,-74.098177,40.573922,-74.09808,,New Construction,No,Non Prevailing Wage,,,,1.0,,,,,,1.0,,,,,,1.0,1.0,1
"69582/1015499, 69582/1015585",2024-12-06,S00587462,2026-06-08,SI02,5,4,69582,"1015499, 69582/1015585",URBAN ECOSPACES,12/06/2024,,1015478.0,176,KISWICK STREET,Staten Island,10306.0,5037360020.0,5000000.0,SI-02,50,11203.0,SI45,40.574737,-74.095647,40.574636,-74.095431,,New Construction,No,Non Prevailing Wage,,,,1.0,,,,,,1.0,,,,,,1.0,1.0,1
"69582/1015499, 69582/1015585",2024-12-06,S00587462,2026-06-08,SI02,5,4,69582,"1015499, 69582/1015585",URBAN ECOSPACES,12/06/2024,,1015480.0,398,HAMDEN AVENUE,Staten Island,10306.0,5037280020.0,5000000.0,SI-02,50,11203.0,SI45,40.577072,-74.09713,40.576846,-74.097166,,New Construction,No,Non Prevailing Wage,,,,1.0,,,,,,1.0,,,,,,1.0,1.0,1
"69582/1015499, 69582/1015585",2024-12-06,S00587462,2026-06-08,SI02,5,4,69582,"1015499, 69582/1015585",URBAN ECOSPACES,12/06/2024,,1015482.0,123,FATHER CAPODANNO BOULEVARD,Staten Island,10305.0,5031240116.0,5000000.0,SI-02,50,74.0,SI14,40.593419,-74.063135,40.593649,-74.063304,,New Construction,No,Non Prevailing Wage,,,,2.0,,,,,2.0,,,,,,1.0,1.0,2.0,2
"69582/1015499, 69582/1015585",2024-12-06,S00587462,2026-06-08,SI02,5,4,69582,"1015499, 69582/1015585",URBAN ECOSPACES,12/06/2024,,1015483.0,455,LINCOLN AVENUE,Staten Island,10306.0,5037380006.0,5000000.0,SI-02,50,11203.0,SI45,40.573829,-74.098227,40.573972,-74.09817,,New Construction,No,Non Prevailing Wage,,,,1.0,,,,,,1.0,,,,,,1.0,1.0,1
"69582/1015499, 69582/1015585",2024-12-06,S00587462,2026-06-08,SI02,5,4,69582,"1015499, 69582/1015585",URBAN ECOSPACES,12/06/2024,,1015484.0,1144,OLYMPIA BOULEVARD,Staten Island,10306.0,5038840014.0,5000000.0,SI-02,50,11203.0,SI45,40.57106,-74.094674,40.570895,-74.094515,,New Construction,No,Non Prevailing Wage,,,,2.0,,,,,2.0,,,,,,1.0,1.0,2.0,2
"69582/1015499, 69582/1015585",2024-12-06,S00587462,2026-06-08,SI02,5,4,69582,"1015499, 69582/1015585",URBAN ECOSPACES,12/06/2024,,1015498.0,527,GREELEY AVENUE,Staten Island,10306.0,5038810003.0,5000000.0,SI-02,50,11203.0,SI45,40.571461,-74.096766,40.571678,-74.096636,,New Construction,No,Non Prevailing Wage,,,,2.0,,,,,,2.0,,,,,1.0,1.0,2.0,2
"69582/1015499, 69582/1015585",2024-12-06,S00587462,2026-06-08,SI02,5,4,69582,"1015499, 69582/1015585",URBAN ECOSPACES,12/06/2024,,1015499.0,111,GRIMSBY STREET,Staten Island,10306.0,5037950037.0,5000000.0,SI-02,50,11203.0,SI45,40.575382,-74.092858,40.57545,-74.093111,,New Construction,No,Non Prevailing Wage,,,,2.0,,,,,2.0,,,,,,1.0,1.0,2.0,2
"69582/1015499, 69582/1015585",2024-12-06,S00587462,2026-06-08,SI02,5,4,69582,"1015499, 69582/1015585",URBAN ECOSPACES,12/06/2024,,1015585.0,113,GRIMSBY STREET,Staten Island,10306.0,5037950037.0,5000000.0,SI-02,50,11203.0,SI45,40.575349,-74.092891,40.57545,-74.093111,,New Construction,No,Non Prevailing Wage,,,,2.0,,,,,2.0,,,,,,1.0,1.0,2.0,2
69582/1015478,2024-12-06,S00570356,2025-08-01,SI02,5,1,69582,1015478,URBAN ECOSPACES,12/06/2024,,970095.0,521,LINCOLN AVENUE,Staten Island,10306.0,5038020005.0,5000000.0,SI-02,50,11203.0,SI45,40.572601,-74.095968,40.572772,-74.095807,,New Construction,No,Non Prevailing Wage,,,,1.0,,,,,,1.0,,,,,,1.0,1.0,1
69582/1015478,2024-12-06,S00570356,2025-08-01,SI02,5,1,69582,1015478,URBAN ECOSPACES,12/06/2024,,1015467.0,770,PATTERSON AVENUE,Staten Island,10306.0,5038730028.0,5000000.0,SI-02,50,11203.0,SI45,40.572785,-74.089738,40.57262,-74.089712,,New Construction,No,Non Prevailing Wage,,,,2.0,,,,,,2.0,,,,,1.0,1.0,2.0,2
69582/1015478,2024-12-06,S00570356,2025-08-01,SI02,5,1,69582,1015478,URBAN ECOSPACES,12/06/2024,,1015468.0,529,GREELEY AVENUE,Staten Island,10306.0,5038810001.0,5000000.0,SI-02,50,11203.0,SI45,40.571434,-74.096712,40.571629,-74.09655,,New Construction,No,Non Prevailing Wage,,,,2.0,,,,,,2.0,,,,,1.0,1.0,2.0,2
69582/1015478,2024-12-06,S00570356,2025-08-01,SI02,5,1,69582,1015478,URBAN ECOSPACES,12/06/2024,,1015474.0,187,MORELAND STREET,Staten Island,10306.0,5037340041.0,5000000.0,SI-02,50,11203.0,SI45,40.574926,-74.096612,40.57503,-74.096767,,New Construction,No,Non Prevailing Wage,,,,1.0,,,,1.0,,,,,,,,1.0,1.0,1
69582/1015478,2024-12-06,S00570356,2025-08-01,SI02,5,1,69582,1015478,URBAN ECOSPACES,12/06/2024,,1015475.0,185,MORELAND STREET,Staten Island,10306.0,5037340039.0,5000000.0,SI-02,50,11203.0,SI45,40.574967,-74.096573,40.575096,-74.096706,,New Construction,No,Non Prevailing Wage,,,,2.0,,,,2.0,,,,,,,1.0,1.0,2.0,2
69582/1015478,2024-12-06,S00570356,2025-08-01,SI02,5,1,69582,1015478,URBAN ECOSPACES,12/06/2024,,1015476.0,181,MORELAND STREET,Staten Island,10306.0,5037340038.0,5000000.0,SI-02,50,11203.0,SI45,40.575052,-74.096494,40.575162,-74.096645,,New Construction,No,Non Prevailing Wage,,,,1.0,,,,1.0,,,,,,,,1.0,1.0,1
69582/1015478,2024-12-06,S00570356,2025-08-01,SI02,5,1,69582,1015478,URBAN ECOSPACES,12/06/2024,,1015477.0,457,LINCOLN AVENUE,Staten Island,10306.0,5037380005.0,5000000.0,SI-02,50,11203.0,SI45,40.573802,-74.098177,40.573922,-74.09808,,New Construction,No,Non Prevailing Wage,,,,1.0,,,,,,1.0,,,,,,1.0,1.0,1
69582/1015478,2024-12-06,S00570356,2025-08-01,SI02,5,1,69582,1015478,URBAN ECOSPACES,12/06/2024,,1015478.0,176,KISWICK STREET,Staten Island,10306.0,5037360020.0,5000000.0,SI-02,50,11203.0,SI45,40.574737,-74.095647,40.574636,-74.095431,,New Construction,No,Non Prevailing Wage,,,,1.0,,,,,,1.0,,,,,,1.0,1.0,1
69582/1015478,2024-12-06,S00570356,2025-08-01,SI02,5,1,69582,1015478,URBAN ECOSPACES,12/06/2024,,1015480.0,398,HAMDEN AVENUE,Staten Island,10306.0,5037280020.0,5000000.0,SI-02,50,11203.0,SI45,40.577072,-74.09713,40.576846,-74.097166,,New Construction,No,Non Prevailing Wage,,,,1.0,,,,,,1.0,,,,,,1.0,1.0,1
69582/1015478,2024-12-06,S00570356,2025-08-01,SI02,5,1,69582,1015478,URBAN ECOSPACES,12/06/2024,,1015482.0,123,FATHER CAPODANNO BOULEVARD,Staten Island,10305.0,5031240116.0,5000000.0,SI-02,50,74.0,SI14,40.593419,-74.063135,40.593649,-74.063304,,New Construction,No,Non Prevailing Wage,,,,2.0,,,,,2.0,,,,,,1.0,1.0,2.0,2
69582/1015478,2024-12-06,S00570356,2025-08-01,SI02,5,1,69582,1015478,URBAN ECOSPACES,12/06/2024,,1015483.0,455,LINCOLN AVENUE,Staten Island,10306.0,5037380006.0,5000000.0,SI-02,50,11203.0,SI45,40.573829,-74.098227,40.573972,-74.09817,,New Construction,No,Non Prevailing Wage,,,,1.0,,,,,,1.0,,,,,,1.0,1.0,1
69582/1015478,2024-12-06,S00570356,2025-08-01,SI02,5,1,69582,1015478,URBAN ECOSPACES,12/06/2024,,1015484.0,1144,OLYMPIA BOULEVARD,Staten Island,10306.0,5038840014.0,5000000.0,SI-02,50,11203.0,SI45,40.57106,-74.094674,40.570895,-74.094515,,New Construction,No,Non Prevailing Wage,,,,2.0,,,,,2.0,,,,,,1.0,1.0,2.0,2
69582/1015478,2024-12-06,S00570356,2025-08-01,SI02,5,1,69582,1015478,URBAN ECOSPACES,12/06/2024,,1015498.0,527,GREELEY AVENUE,Staten Island,10306.0,5038810003.0,5000000.0,SI-02,50,11203.0,SI45,40.571461,-74.096766,40.571678,-74.096636,,New Construction,No,Non Prevailing Wage,,,,2.0,,,,,,2.0,,,,,1.0,1.0,2.0,2
69582/1015478,2024-12-06,S00570356,2025-08-01,SI02,5,1,69582,1015478,URBAN ECOSPACES,12/06/2024,,1015499.0,111,GRIMSBY STREET,Staten Island,10306.0,5037950037.0,5000000.0,SI-02,50,11203.0,SI45,40.575382,-74.092858,40.57545,-74.093111,,New Construction,No,Non Prevailing Wage,,,,2.0,,,,,2.0,,,,,,1.0,1.0,2.0,2
69582/1015478,2024-12-06,S00570356,2025-08-01,SI02,5,1,69582,1015478,URBAN ECOSPACES,12/06/2024,,1015585.0,113,GRIMSBY STREET,Staten Island,10306.0,5037950037.0,5000000.0,SI-02,50,11203.0,SI45,40.575349,-74.092891,40.57545,-74.093111,,New Construction,No,Non Prevailing Wage,,,,2.0,,,,,2.0,,,,,,1.0,1.0,2.0,2
69582/970095,2024-12-06,S00548990,2025-06-02,SI02,5,1,69582,970095,URBAN ECOSPACES,12/06/2024,,970095.0,521,LINCOLN AVENUE,Staten Island,10306.0,5038020005.0,5000000.0,SI-02,50,11203.0,SI45,40.572601,-74.095968,40.572772,-74.095807,,New Construction,No,Non Prevailing Wage,,,,1.0,,,,,,1.0,,,,,,1.0,1.0,1
69582/970095,2024-12-06,S00548990,2025-06-02,SI02,5,1,69582,970095,URBAN ECOSPACES,12/06/2024,,1015467.0,770,PATTERSON AVENUE,Staten Island,10306.0,5038730028.0,5000000.0,SI-02,50,11203.0,SI45,40.572785,-74.089738,40.57262,-74.089712,,New Construction,No,Non Prevailing Wage,,,,2.0,,,,,,2.0,,,,,1.0,1.0,2.0,2
69582/970095,2024-12-06,S00548990,2025-06-02,SI02,5,1,69582,970095,URBAN ECOSPACES,12/06/2024,,1015468.0,529,GREELEY AVENUE,Staten Island,10306.0,5038810001.0,5000000.0,SI-02,50,11203.0,SI45,40.571434,-74.096712,40.571629,-74.09655,,New Construction,No,Non Prevailing Wage,,,,2.0,,,,,,2.0,,,,,1.0,1.0,2.0,2
69582/970095,2024-12-06,S00548990,2025-06-02,SI02,5,1,69582,970095,URBAN ECOSPACES,12/06/2024,,1015474.0,187,MORELAND STREET,Staten Island,10306.0,5037340041.0,5000000.0,SI-02,50,11203.0,SI45,40.574926,-74.096612,40.57503,-74.096767,,New Construction,No,Non Prevailing Wage,,,,1.0,,,,1.0,,,,,,,,1.0,1.0,1
69582/970095,2024-12-06,S00548990,2025-06-02,SI02,5,1,69582,970095,URBAN ECOSPACES,12/06/2024,,1015475.0,185,MORELAND STREET,Staten Island,10306.0,5037340039.0,5000000.0,SI-02,50,11203.0,SI45,40.574967,-74.096573,40.575096,-74.096706,,New Construction,No,Non Prevailing Wage,,,,2.0,,,,2.0,,,,,,,1.0,1.0,2.0,2
69582/970095,2024-12-06,S00548990,2025-06-02,SI02,5,1,69582,970095,URBAN ECOSPACES,12/06/2024,,1015476.0,181,MORELAND STREET,Staten Island,10306.0,5037340038.0,5000000.0,SI-02,50,11203.0,SI45,40.575052,-74.096494,40.575162,-74.096645,,New Construction,No,Non Prevailing Wage,,,,1.0,,,,1.0,,,,,,,,1.0,1.0,1
69582/970095,2024-12-06,S00548990,2025-06-02,SI02,5,1,69582,970095,URBAN ECOSPACES,12/06/2024,,1015477.0,457,LINCOLN AVENUE,Staten Island,10306.0,5037380005.0,5000000.0,SI-02,50,11203.0,SI45,40.573802,-74.098177,40.573922,-74.09808,,New Construction,No,Non Prevailing Wage,,,,1.0,,,,,,1.0,,,,,,1.0,1.0,1
69582/970095,2024-12-06,S00548990,2025-06-02,SI02,5,1,69582,970095,URBAN ECOSPACES,12/06/2024,,1015478.0,176,KISWICK STREET,Staten Island,10306.0,5037360020.0,5000000.0,SI-02,50,11203.0,SI45,40.574737,-74.095647,40.574636,-74.095431,,New Construction,No,Non Prevailing Wage,,,,1.0,,,,,,1.0,,,,,,1.0,1.0,1
69582/970095,2024-12-06,S00548990,2025-06-02,SI02,5,1,69582,970095,URBAN ECOSPACES,12/06/2024,,1015480.0,398,HAMDEN AVENUE,Staten Island,10306.0,5037280020.0,5000000.0,SI-02,50,11203.0,SI45,40.577072,-74.09713,40.576846,-74.097166,,New Construction,No,Non Prevailing Wage,,,,1.0,,,,,,1.0,,,,,,1.0,1.0,1
69582/970095,2024-12-06,S00548990,2025-06-02,SI02,5,1,69582,970095,URBAN ECOSPACES,12/06/2024,,1015482.0,123,FATHER CAPODANNO BOULEVARD,Staten Island,10305.0,5031240116.0,5000000.0,SI-02,50,74.0,SI14,40.593419,-74.063135,40.593649,-74.063304,,New Construction,No,Non Prevailing Wage,,,,2.0,,,,,2.0,,,,,,1.0,1.0,2.0,2
69582/970095,2024-12-06,S00548990,2025-06-02,SI02,5,1,69582,970095,URBAN ECOSPACES,12/06/2024,,1015483.0,455,LINCOLN AVENUE,Staten Island,10306.0,5037380006.0,5000000.0,SI-02,50,11203.0,SI45,40.573829,-74.098227,40.573972,-74.09817,,New Construction,No,Non Prevailing Wage,,,,1.0,,,,,,1.0,,,,,,1.0,1.0,1
69582/970095,2024-12-06,S00548990,2025-06-02,SI02,5,1,69582,970095,URBAN ECOSPACES,12/06/2024,,1015484.0,1144,OLYMPIA BOULEVARD,Staten Island,10306.0,5038840014.0,5000000.0,SI-02,50,11203.0,SI45,40.57106,-74.094674,40.570895,-74.094515,,New Construction,No,Non Prevailing Wage,,,,2.0,,,,,2.0,,,,,,1.0,1.0,2.0,2
69582/970095,2024-12-06,S00548990,2025-06-02,SI02,5,1,69582,970095,URBAN ECOSPACES,12/06/2024,,1015498.0,527,GREELEY AVENUE,Staten Island,10306.0,5038810003.0,5000000.0,SI-02,50,11203.0,SI45,40.571461,-74.096766,40.571678,-74.096636,,New Construction,No,Non Prevailing Wage,,,,2.0,,,,,,2.0,,,,,1.0,1.0,2.0,2
69582/970095,2024-12-06,S00548990,2025-06-02,SI02,5,1,69582,970095,URBAN ECOSPACES,12/06/2024,,1015499.0,111,GRIMSBY STREET,Staten Island,10306.0,5037950037.0,5000000.0,SI-02,50,11203.0,SI45,40.575382,-74.092858,40.57545,-74.093111,,New Construction,No,Non Prevailing Wage,,,,2.0,,,,,2.0,,,,,,1.0,1.0,2.0,2
69582/970095,2024-12-06,S00548990,2025-06-02,SI02,5,1,69582,970095,URBAN ECOSPACES,12/06/2024,,1015585.0,113,GRIMSBY STREET,Staten Island,10306.0,5037950037.0,5000000.0,SI-02,50,11203.0,SI45,40.575349,-74.092891,40.57545,-74.093111,,New Construction,No,Non Prevailing Wage,,,,2.0,,,,,2.0,,,,,,1.0,1.0,2.0,2
69582/1015498,2024-12-06,S00584285,2025-02-19,SI02,5,2,69582,1015498,URBAN ECOSPACES,12/06/2024,,970095.0,521,LINCOLN AVENUE,Staten Island,10306.0,5038020005.0,5000000.0,SI-02,50,11203.0,SI45,40.572601,-74.095968,40.572772,-74.095807,,New Construction,No,Non Prevailing Wage,,,,1.0,,,,,,1.0,,,,,,1.0,1.0,1
69582/1015498,2024-12-06,S00584285,2025-02-19,SI02,5,2,69582,1015498,URBAN ECOSPACES,12/06/2024,,1015467.0,770,PATTERSON AVENUE,Staten Island,10306.0,5038730028.0,5000000.0,SI-02,50,11203.0,SI45,40.572785,-74.089738,40.57262,-74.089712,,New Construction,No,Non Prevailing Wage,,,,2.0,,,,,,2.0,,,,,1.0,1.0,2.0,2
69582/1015498,2024-12-06,S00584285,2025-02-19,SI02,5,2,69582,1015498,URBAN ECOSPACES,12/06/2024,,1015468.0,529,GREELEY AVENUE,Staten Island,10306.0,5038810001.0,5000000.0,SI-02,50,11203.0,SI45,40.571434,-74.096712,40.571629,-74.09655,,New Construction,No,Non Prevailing Wage,,,,2.0,,,,,,2.0,,,,,1.0,1.0,2.0,2
69582/1015498,2024-12-06,S00584285,2025-02-19,SI02,5,2,69582,1015498,URBAN ECOSPACES,12/06/2024,,1015474.0,187,MORELAND STREET,Staten Island,10306.0,5037340041.0,5000000.0,SI-02,50,11203.0,SI45,40.574926,-74.096612,40.57503,-74.096767,,New Construction,No,Non Prevailing Wage,,,,1.0,,,,1.0,,,,,,,,1.0,1.0,1
69582/1015498,2024-12-06,S00584285,2025-02-19,SI02,5,2,69582,1015498,URBAN ECOSPACES,12/06/2024,,1015475.0,185,MORELAND STREET,Staten Island,10306.0,5037340039.0,5000000.0,SI-02,50,11203.0,SI45,40.574967,-74.096573,40.575096,-74.096706,,New Construction,No,Non Prevailing Wage,,,,2.0,,,,2.0,,,,,,,1.0,1.0,2.0,2
69582/1015498,2024-12-06,S00584285,2025-02-19,SI02,5,2,69582,1015498,URBAN ECOSPACES,12/06/2024,,1015476.0,181,MORELAND STREET,Staten Island,10306.0,5037340038.0,5000000.0,SI-02,50,11203.0,SI45,40.575052,-74.096494,40.575162,-74.096645,,New Construction,No,Non Prevailing Wage,,,,1.0,,,,1.0,,,,,,,,1.0,1.0,1
69582/1015498,2024-12-06,S00584285,2025-02-19,SI02,5,2,69582,1015498,URBAN ECOSPACES,12/06/2024,,1015477.0,457,LINCOLN AVENUE,Staten Island,10306.0,5037380005.0,5000000.0,SI-02,50,11203.0,SI45,40.573802,-74.098177,40.573922,-74.09808,,New Construction,No,Non Prevailing Wage,,,,1.0,,,,,,1.0,,,,,,1.0,1.0,1
69582/1015498,2024-12-06,S00584285,2025-02-19,SI02,5,2,69582,1015498,URBAN ECOSPACES,12/06/2024,,1015478.0,176,KISWICK STREET,Staten Island,10306.0,5037360020.0,5000000.0,SI-02,50,11203.0,SI45,40.574737,-74.095647,40.574636,-74.095431,,New Construction,No,Non Prevailing Wage,,,,1.0,,,,,,1.0,,,,,,1.0,1.0,1
69582/1015498,2024-12-06,S00584285,2025-02-19,SI02,5,2,69582,1015498,URBAN ECOSPACES,12/06/2024,,1015480.0,398,HAMDEN AVENUE,Staten Island,10306.0,5037280020.0,5000000.0,SI-02,50,11203.0,SI45,40.577072,-74.09713,40.576846,-74.097166,,New Construction,No,Non Prevailing Wage,,,,1.0,,,,,,1.0,,,,,,1.0,1.0,1
69582/1015498,2024-12-06,S00584285,2025-02-19,SI02,5,2,69582,1015498,URBAN ECOSPACES,12/06/2024,,1015482.0,123,FATHER CAPODANNO BOULEVARD,Staten Island,10305.0,5031240116.0,5000000.0,SI-02,50,74.0,SI14,40.593419,-74.063135,40.593649,-74.063304,,New Construction,No,Non Prevailing Wage,,,,2.0,,,,,2.0,,,,,,1.0,1.0,2.0,2
69582/1015498,2024-12-06,S00584285,2025-02-19,SI02,5,2,69582,1015498,URBAN ECOSPACES,12/06/2024,,1015483.0,455,LINCOLN AVENUE,Staten Island,10306.0,5037380006.0,5000000.0,SI-02,50,11203.0,SI45,40.573829,-74.098227,40.573972,-74.09817,,New Construction,No,Non Prevailing Wage,,,,1.0,,,,,,1.0,,,,,,1.0,1.0,1
69582/1015498,2024-12-06,S00584285,2025-02-19,SI02,5,2,69582,1015498,URBAN ECOSPACES,12/06/2024,,1015484.0,1144,OLYMPIA BOULEVARD,Staten Island,10306.0,5038840014.0,5000000.0,SI-02,50,11203.0,SI45,40.57106,-74.094674,40.570895,-74.094515,,New Construction,No,Non Prevailing Wage,,,,2.0,,,,,2.0,,,,,,1.0,1.0,2.0,2
69582/1015498,2024-12-06,S00584285,2025-02-19,SI02,5,2,69582,1015498,URBAN ECOSPACES,12/06/2024,,1015498.0,527,GREELEY AVENUE,Staten Island,10306.0,5038810003.0,5000000.0,SI-02,50,11203.0,SI45,40.571461,-74.096766,40.571678,-74.096636,,New Construction,No,Non Prevailing Wage,,,,2.0,,,,,,2.0,,,,,1.0,1.0,2.0,2
69582/1015498,2024-12-06,S00584285,2025-02-19,SI02,5,2,69582,1015498,URBAN ECOSPACES,12/06/2024,,1015499.0,111,GRIMSBY STREET,Staten Island,10306.0,5037950037.0,5000000.0,SI-02,50,11203.0,SI45,40.575382,-74.092858,40.57545,-74.093111,,New Construction,No,Non Prevailing Wage,,,,2.0,,,,,2.0,,,,,,1.0,1.0,2.0,2
69582/1015498,2024-12-06,S00584285,2025-02-19,SI02,5,2,69582,1015498,URBAN ECOSPACES,12/06/2024,,1015585.0,113,GRIMSBY STREET,Staten Island,10306.0,5037950037.0,5000000.0,SI-02,50,11203.0,SI45,40.575349,-74.092891,40.57545,-74.093111,,New Construction,No,Non Prevailing Wage,,,,2.0,,,,,2.0,,,,,,1.0,1.0,2.0,2
69582/1015483,2024-12-06,S00570523,2025-03-03,SI02,5,1,69582,1015483,URBAN ECOSPACES,12/06/2024,,970095.0,521,LINCOLN AVENUE,Staten Island,10306.0,5038020005.0,5000000.0,SI-02,50,11203.0,SI45,40.572601,-74.095968,40.572772,-74.095807,,New Construction,No,Non Prevailing Wage,,,,1.0,,,,,,1.0,,,,,,1.0,1.0,1
69582/1015483,2024-12-06,S00570523,2025-03-03,SI02,5,1,69582,1015483,URBAN ECOSPACES,12/06/2024,,1015467.0,770,PATTERSON AVENUE,Staten Island,10306.0,5038730028.0,5000000.0,SI-02,50,11203.0,SI45,40.572785,-74.089738,40.57262,-74.089712,,New Construction,No,Non Prevailing Wage,,,,2.0,,,,,,2.0,,,,,1.0,1.0,2.0,2
69582/1015483,2024-12-06,S00570523,2025-03-03,SI02,5,1,69582,1015483,URBAN ECOSPACES,12/06/2024,,1015468.0,529,GREELEY AVENUE,Staten Island,10306.0,5038810001.0,5000000.0,SI-02,50,11203.0,SI45,40.571434,-74.096712,40.571629,-74.09655,,New Construction,No,Non Prevailing Wage,,,,2.0,,,,,,2.0,,,,,1.0,1.0,2.0,2
69582/1015483,2024-12-06,S00570523,2025-03-03,SI02,5,1,69582,1015483,URBAN ECOSPACES,12/06/2024,,1015474.0,187,MORELAND STREET,Staten Island,10306.0,5037340041.0,5000000.0,SI-02,50,11203.0,SI45,40.574926,-74.096612,40.57503,-74.096767,,New Construction,No,Non Prevailing Wage,,,,1.0,,,,1.0,,,,,,,,1.0,1.0,1
69582/1015483,2024-12-06,S00570523,2025-03-03,SI02,5,1,69582,1015483,URBAN ECOSPACES,12/06/2024,,1015475.0,185,MORELAND STREET,Staten Island,10306.0,5037340039.0,5000000.0,SI-02,50,11203.0,SI45,40.574967,-74.096573,40.575096,-74.096706,,New Construction,No,Non Prevailing Wage,,,,2.0,,,,2.0,,,,,,,1.0,1.0,2.0,2
69582/1015483,2024-12-06,S00570523,2025-03-03,SI02,5,1,69582,1015483,URBAN ECOSPACES,12/06/2024,,1015476.0,181,MORELAND STREET,Staten Island,10306.0,5037340038.0,5000000.0,SI-02,50,11203.0,SI45,40.575052,-74.096494,40.575162,-74.096645,,New Construction,No,Non Prevailing Wage,,,,1.0,,,,1.0,,,,,,,,1.0,1.0,1
69582/1015483,2024-12-06,S00570523,2025-03-03,SI02,5,1,69582,1015483,URBAN ECOSPACES,12/06/2024,,1015477.0,457,LINCOLN AVENUE,Staten Island,10306.0,5037380005.0,5000000.0,SI-02,50,11203.0,SI45,40.573802,-74.098177,40.573922,-74.09808,,New Construction,No,Non Prevailing Wage,,,,1.0,,,,,,1.0,,,,,,1.0,1.0,1
69582/1015483,2024-12-06,S00570523,2025-03-03,SI02,5,1,69582,1015483,URBAN ECOSPACES,12/06/2024,,1015478.0,176,KISWICK STREET,Staten Island,10306.0,5037360020.0,5000000.0,SI-02,50,11203.0,SI45,40.574737,-74.095647,40.574636,-74.095431,,New Construction,No,Non Prevailing Wage,,,,1.0,,,,,,1.0,,,,,,1.0,1.0,1
69582/1015483,2024-12-06,S00570523,2025-03-03,SI02,5,1,69582,1015483,URBAN ECOSPACES,12/06/2024,,1015480.0,398,HAMDEN AVENUE,Staten Island,10306.0,5037280020.0,5000000.0,SI-02,50,11203.0,SI45,40.577072,-74.09713,40.576846,-74.097166,,New Construction,No,Non Prevailing Wage,,,,1.0,,,,,,1.0,,,,,,1.0,1.0,1
69582/1015483,2024-12-06,S00570523,2025-03-03,SI02,5,1,69582,1015483,URBAN ECOSPACES,12/06/2024,,1015482.0,123,FATHER CAPODANNO BOULEVARD,Staten Island,10305.0,5031240116.0,5000000.0,SI-02,50,74.0,SI14,40.593419,-74.063135,40.593649,-74.063304,,New Construction,No,Non Prevailing Wage,,,,2.0,,,,,2.0,,,,,,1.0,1.0,2.0,2
69582/1015483,2024-12-06,S00570523,2025-03-03,SI02,5,1,69582,1015483,URBAN ECOSPACES,12/06/2024,,1015483.0,455,LINCOLN AVENUE,Staten Island,10306.0,5037380006.0,5000000.0,SI-02,50,11203.0,SI45,40.573829,-74.098227,40.573972,-74.09817,,New Construction,No,Non Prevailing Wage,,,,1.0,,,,,,1.0,,,,,,1.0,1.0,1
69582/1015483,2024-12-06,S00570523,2025-03-03,SI02,5,1,69582,1015483,URBAN ECOSPACES,12/06/2024,,1015484.0,1144,OLYMPIA BOULEVARD,Staten Island,10306.0,5038840014.0,5000000.0,SI-02,50,11203.0,SI45,40.57106,-74.094674,40.570895,-74.094515,,New Construction,No,Non Prevailing Wage,,,,2.0,,,,,2.0,,,,,,1.0,1.0,2.0,2
69582/1015483,2024-12-06,S00570523,2025-03-03,SI02,5,1,69582,1015483,URBAN ECOSPACES,12/06/2024,,1015498.0,527,GREELEY AVENUE,Staten Island,10306.0,5038810003.0,5000000.0,SI-02,50,11203.0,SI45,40.571461,-74.096766,40.571678,-74.096636,,New Construction,No,Non Prevailing Wage,,,,2.0,,,,,,2.0,,,,,1.0,1.0,2.0,2
69582/1015483,2024-12-06,S00570523,2025-03-03,SI02,5,1,69582,1015483,URBAN ECOSPACES,12/06/2024,,1015499.0,111,GRIMSBY STREET,Staten Island,10306.0,5037950037.0,5000000.0,SI-02,50,11203.0,SI45,40.575382,-74.092858,40.57545,-74.093111,,New Construction,No,Non Prevailing Wage,,,,2.0,,,,,2.0,,,,,,1.0,1.0,2.0,2
69582/1015483,2024-12-06,S00570523,2025-03-03,SI02,5,1,69582,1015483,URBAN ECOSPACES,12/06/2024,,1015585.0,113,GRIMSBY STREET,Staten Island,10306.0,5037950037.0,5000000.0,SI-02,50,11203.0,SI45,40.575349,-74.092891,40.57545,-74.093111,,New Construction,No,Non Prevailing Wage,,,,2.0,,,,,2.0,,,,,,1.0,1.0,2.0,2
76713/258145,2025-03-26,321588787,2022-11-22,BK18,6,7,76713,258145,1057 EAST 34 STREET,03/26/2025,01/07/2026,258145.0,1057,EAST 34 STREET,Brooklyn,11210.0,3075800023.0,3206483.0,BK-18,45,776.0,BK58,40.630334,-73.943481,40.630652,-73.943243,01/07/2026,New Construction,No,Non Prevailing Wage,,,,,7.0,,,6.0,1.0,,,,,,7.0,,7.0,8
75712/346486,2024-04-04,321595653,2021-08-27,BK18,6,16,75712,346486,2339 NOSTRAND AVE APARTMENTS,04/04/2024,06/09/2025,346486.0,2339,NOSTRAND AVENUE,Brooklyn,11210.0,3075940016.0,3429878.0,BK-18,45,742.0,BK58,40.627775,-73.947053,40.627618,-73.9467,06/09/2025,New Construction,No,Non Prevailing Wage,,,,,16.0,,,10.0,6.0,,,,,,16.0,,16.0,53
71889/992856,2021-12-16,321073137,2019-09-11,BK18,6,2,71889,992856,8218 AVENUE J,12/16/2021,09/20/2023,992856.0,8218,AVENUE J,Brooklyn,11236.0,3080340042.0,3426048.0,BK-18,46,996.0,BK50,40.635094,-73.909508,40.634932,-73.909282,09/20/2023,New Construction,No,Non Prevailing Wage,,,,,2.0,,,,2.0,,,,,,2.0,,2.0,6
78307/1014856,2024-09-17,321821748,2021-07-21,BK18,6,8,78307,1014856,831 EAST 55 STREET,09/17/2024,04/09/2025,1014856.0,831,EAST 55 STREET,Brooklyn,11234.0,3079730033.0,3000000.0,BK-18,45,94401.0,BK58,40.636971,-73.923951,40.637078,-73.923684,04/09/2025,New Construction,No,Non Prevailing Wage,,,,,8.0,,,1.0,3.0,4.0,,,,,8.0,,8.0,8
74927/1010341,2023-09-28,340777010,2021-09-08,BK18,6,4,74927,1010341,8623 FLATLANDS AVENUE APARTMENTS,09/28/2023,03/05/2026,1010341.0,8623,FLATLANDS AVENUE,Brooklyn,11236.0,3080070001.0,3428996.0,BK-18,46,958.0,BK50,40.638499,-73.908671,40.638903,-73.908552,03/05/2026,New Construction,No,Non Prevailing Wage,,,,,4.0,,1.0,1.0,2.0,,,,,,4.0,,4.0,12
73321/1007125,2022-12-19,321956353,2021-05-26,BK18,6,4,73321,1007125,1757 BROOKLYN AVE,12/19/2022,11/15/2023,1007125.0,1757,BROOKLYN AVENUE,Brooklyn,11210.0,3075820012.0,3429101.0,BK-18,45,776.0,BK58,40.630171,-73.94155,40.630207,-73.941247,11/15/2023,New Construction,No,Non Prevailing Wage,,,,,4.0,,1.0,1.0,2.0,,,,,,4.0,,4.0,9
73694/1008010,2023-03-10,321956362,2020-08-11,BK18,6,4,73694,1008010,1755 BROOKLYN AVENUE,03/10/2023,11/15/2023,1008010.0,1755,BROOKLYN AVENUE,Brooklyn,11210.0,3075820013.0,3206522.0,BK-18,45,776.0,BK58,40.630204,-73.941554,40.630264,-73.941255,11/15/2023,New Construction,No,Non Prevailing Wage,,,,,4.0,,1.0,1.0,2.0,,,,,,4.0,,4.0,9
74851/270046,2023-11-27,321186122,2019-08-23,BK18,6,4,74851,270046,1716 EAST 54 STREET,11/27/2023,03/12/2025,270046.0,1716,EAST 54 STREET,Brooklyn,11234.0,3084930061.0,3239752.0,BK-18,46,682.0,BK58,40.615785,-73.922653,40.615712,-73.922923,03/12/2025,New Construction,No,Non Prevailing Wage,,,,,4.0,,,,4.0,,,,,,4.0,,4.0,11
74489/1010810,2023-11-16,M00683925,2023-06-21,MN08,7,27,74489,1010810,1026 THIRD AVENUE,11/16/2023,03/31/2026,1010810.0,1026,3 AVENUE,Manhattan,10065.0,1013950039.0,1091872.0,MN-08,4,11402.0,MN40,40.762668,-73.965786,40.762734,-73.966093,03/31/2026,New Construction,No,Non Prevailing Wage,,,6.0,,21.0,,12.0,11.0,4.0,,,,,,27.0,,27.0,108
76424/1008972,2024-12-09,M00648391,2022-06-08,MN08,7,45,76424,1008972,MAISON78,12/09/2024,04/16/2026,1008972.0,1487,1 AVENUE,Manhattan,10075.0,1014520027.0,1091832.0,MN-08,5,134.0,MN31,40.771378,-73.953405,40.771595,-73.953636,04/16/2026,New Construction,No,Non Prevailing Wage,,,,,45.0,,8.0,14.0,23.0,,,,,,45.0,,45.0,146
72783/1006861,2022-12-07,M00547165,2022-04-12,MN08,7,33,72783,1006861,250 EAST 83 ST,12/07/2022,11/19/2025,1006861.0,250,EAST 83 STREET,Manhattan,10028.0,1015280028.0,1091807.0,MN-08,5,138.0,MN32,40.776382,-73.954276,40.775863,-73.953619,11/19/2025,New Construction,No,Non Prevailing Wage,,13.0,13.0,,7.0,,8.0,8.0,17.0,,,,,,33.0,,33.0,128
71822/1004173,2022-06-10,M00574359,2022-06-15,MN08,7,28,71822,1004173,300 EAST 83RD STREET,06/10/2022,12/04/2025,1004173.0,300,EAST 83 STREET,Manhattan,10028.0,1015450049.0,1091871.0,MN-08,5,138.0,MN32,40.775767,-73.952817,40.775646,-73.953016,12/04/2025,New Construction,No,Non Prevailing Wage,,,7.0,,21.0,,7.0,7.0,14.0,,,,,,28.0,,28.0,70
76035/1017690,2025-07-15,M01146211,2025-06-13,MN08,7,9,76035,1017690,355 EAST 86TH STREET,07/15/2025,,1017690.0,355,EAST 86 STREET,Manhattan,10028.0,1015490020.0,1091874.0,MN-08,5,14602.0,MN32,40.777168,-73.950043,40.777264,-73.949642,,New Construction,No,Non Prevailing Wage,,,9.0,,,,1.0,3.0,5.0,,,,,,9.0,,9.0,99
77082/1020777,2026-02-26,M01128646,2025-07-25,MN08,7,8,77082,1020777,1484 1ST AVENUE,02/26/2026,,1020777.0,1484,1 AVENUE,Manhattan,10075.0,1014720003.0,1000000.0,MN-08,5,13203.0,MN31,40.771244,-73.953478,40.771123,-73.953185,,New Construction,No,Non Prevailing Wage,,,8.0,,,,,2.0,6.0,,,,,,8.0,,8.0,89
73281/1004947,2022-09-28,420655794,2019-11-13,QN05,8,9,73281,1004947,1661 SUMMERFIELD AVENUE,09/28/2022,01/31/2023,1004947.0,16-61,SUMMERFIELD STREET,Queens,11385.0,4035540061.0,4623327.0,QN-05,34,559.0,QN20,40.695884,-73.901359,40.696304,-73.901272,01/31/2023,New Construction,No,Non Prevailing Wage,,,,,9.0,,,7.0,2.0,,,,,,9.0,,9.0,28
76632/1002516,2021-11-18,420666050,2020-02-20,QN05,8,6,76632,1002516,314 WOODWARD AVE APARTMENTS,11/18/2021,10/28/2022,1002516.0,314,WOODWARD AVENUE,Queens,11385.0,4033990035.0,4622958.0,QN-05,34,53901.0,QN20,40.709934,-73.914269,40.709662,-73.914273,10/28/2022,New Construction,No,Non Prevailing Wage,,,,,6.0,,,3.0,3.0,,,,,,6.0,,6.0,18
74134/982230,2022-11-11,421928953,2021-06-22,QN05,8,40,74134,982230,MYRTLE POINT,11/11/2022,,982230.0,350,ST NICHOLAS AVENUE,Queens,11385.0,4034450027.0,4624518.0,QN-05,34,549.0,QN20,40.70034,-73.909506,40.700164,-73.909683,,New Construction,No,Non Prevailing Wage,,,,,40.0,,,37.0,3.0,,,,,,40.0,,40.0,133
75671/675138,2024-05-20,420977759,2016-08-11,QN05,8,3,75671,675138,18-15 LINDEN STREET,05/20/2024,,675138.0,18-15,LINDEN STREET,Queens,11385.0,4034390052.0,4602514.0,QN-05,34,547.0,QN20,40.704015,-73.908852,40.704229,-73.908978,,New Construction,No,Non Prevailing Wage,,,,,3.0,,,1.0,2.0,,,,,,3.0,,3.0,9
74196/1007176,2023-01-05,420666773,2021-08-20,QN05,8,18,74196,1007176,17-11 HANCOCK STREET,01/05/2023,11/02/2023,1007176.0,1711,HANCOCK STREET,Queens,11385.0,4035600045.0,4085882.0,QN-05,34,553.0,QN20,40.699534,-73.904545,40.699803,-73.904577,11/02/2023,New Construction,No,Non Prevailing Wage,,,,,18.0,,,15.0,3.0,,,,,,18.0,,18.0,60
70384/996450,2021-06-25,421861845,2021-09-28,QN11,9,17,70384,996450,241-15 NORTHERN BOULEVARD,06/25/2021,,996450.0,241-15,NORTHERN BOULEVARD,Queens,11363.0,4080927501.0,4000000.0,QN-11,19,1479.0,QN45,40.765059,-73.745305,40.765465,-73.744982,,New Construction,No,Non Prevailing Wage,,,16.0,,1.0,,3.0,8.0,6.0,,,,,,17.0,,17.0,54
76296/428581,2024-09-09,Q00489289,2022-11-03,QN11,9,5,76296,428581,214-33 41ST,09/09/2024,12/04/2025,428581.0,214-25,41 AVENUE,Queens,11361.0,4062880035.0,4000000.0,QN-11,19,1123.0,QN46,40.763688,-73.770482,40.763945,-73.770095,12/04/2025,New Construction,No,Non Prevailing Wage,,,,,5.0,,,4.0,1.0,,,,,,5.0,,5.0,15
77133/602315,2025-05-15,421916699,2021-08-03,QN11,9,3,77133,602315,39-20 214TH PLACE APARTMENTS,05/15/2025,,602315.0,39-20,214 PLACE,Queens,11361.0,4062420026.0,4000000.0,QN-11,19,1123.0,QN46,40.765334,-73.769877,40.764933,-73.770052,,New Construction,No,Non Prevailing Wage,,,,,3.0,,,1.0,2.0,,,,,,3.0,,3.0,8
70798/998642,2021-06-29,421133918,2023-02-10,QN11,9,15,70798,998642,44-14 DOUGLASTON PARKWAY,06/29/2021,,998642.0,44-14,DOUGLASTON PARKWAY,Queens,11363.0,4080920025.0,4542820.0,QN-11,19,1479.0,QN45,40.766209,-73.745283,40.765994,-73.745727,,New Construction,No,Non Prevailing Wage,,,14.0,,1.0,,4.0,8.0,3.0,,,,,,15.0,,15.0,49
77560/1018525,2025-09-08,440608941,2024-04-23,QN11,9,12,77560,1018525,45-06 215 PLACE,09/08/2025,,1018525.0,45-06,215 PLACE,Queens,11361.0,4073340070.0,4000000.0,QN-11,19,1471.0,QN46,40.760117,-73.766463,40.760326,-73.766812,,New Construction,No,Non Prevailing Wage,,,,,12.0,,6.0,5.0,1.0,,,,,,12.0,,12.0,38
66601/1001362,2021-12-16,121209502,2022-06-08,MN07,10,68,66601,1001362,266 WEST 96TH STREET,12/16/2021,05/31/2024,1001362.0,270,WEST 96 STREET,Manhattan,10025.0,1012437503.0,1091038.0,MN-07,7,183.0,MN12,40.794981,-73.972584,40.794756,-73.972761,05/31/2024,New Construction,No,Non Prevailing Wage,11.0,,21.0,35.0,,1.0,35.0,14.0,17.0,2.0,,,,,68.0,,68.0,171
75507/1012966,2026-01-30,M01098013,2026-04-24,MN07,10,84,75507,1012966,WSFSSH. 105 WEST 108 STREET,01/30/2026,,1012966.0,105,WEST 108 STREET,Manhattan,10025.0,1018630026.0,1056004.0,MN-07,7,193.0,MN09,40.800712,-73.962292,40.800983,-73.962375,,New Construction,No,Prevailing Wage,83.0,,,,,1.0,22.0,62.0,,,,,,,84.0,,84.0,84
71033/998591,2022-09-15,B00517601,2022-03-22,BK12,11,14,71033,998591,BROOKLYN - 2177 60'TH STREET_MIH70942,09/15/2022,12/05/2024,998591.0,2177,60 STREET,Brooklyn,11204.0,3055157502.0,3429049.0,BK-12,44,246.0,BK88,40.617127,-73.979134,40.617064,-73.978536,12/05/2024,New Construction,No,Non Prevailing Wage,,,2.0,3.0,9.0,,3.0,4.0,7.0,,,,,,14.0,,14.0,44
73306/348602,2022-09-22,321592807,2021-02-04,BK12,11,9,73306,348602,571 OCEAN PARKWAY APARTMENTS,09/22/2022,07/19/2023,348602.0,571,OCEAN PARKWAY,Brooklyn,11218.0,3054000072.0,3428970.0,BK-12,40,484.0,BK41,40.634605,-73.972434,40.634459,-73.971782,07/19/2023,New Construction,No,Non Prevailing Wage,,,,,9.0,,,9.0,,,,,,,9.0,,9.0,29
73701/1010459,2023-02-23,321519825,2020-07-23,BK12,11,5,73701,1010459,1502 46 STREET,02/23/2023,,1010459.0,1502,46 STREET,Brooklyn,11219.0,3054367508.0,3128573.0,BK-12,44,234.0,BK88,40.633825,-73.98561,40.633775,-73.985834,,New Construction,No,Non Prevailing Wage,,,,,5.0,,,,2.0,3.0,,,,,5.0,,5.0,16
71842/982303,2021-10-05,321478664,2017-12-26,BK12,11,11,71842,982303,567 OCEAN PARKWAY APARTMENTS,10/05/2021,04/10/2023,982303.0,567,OCEAN PARKWAY,Brooklyn,11218.0,3054000074.0,3425052.0,BK-12,40,484.0,BK41,40.63467,-73.972448,40.63458,-73.971804,04/10/2023,New Construction,No,Non Prevailing Wage,,,,,11.0,,2.0,8.0,1.0,,,,,,11.0,,11.0,35
71463/999826,2021-08-23,321235383,2018-05-21,BK12,11,2,71463,999826,263 EAST 9TH STREET APARTMENTS,08/23/2021,07/01/2022,999826.0,263,EAST 9 STREET,Brooklyn,11218.0,3053610055.0,3125656.0,BK-12,39,492.0,BK41,40.642259,-73.970438,40.642155,-73.970175,07/01/2022,New Construction,No,Non Prevailing Wage,,,,,2.0,,,,2.0,,,,,,2.0,,2.0,6
76259/1014100,2024-08-07,321596965,2022-06-09,BK12,11,4,76259,1014100,822 60TH STREET,08/07/2024,07/16/2025,1014100.0,822,60 STREET,Brooklyn,11220.0,3057147504.0,3428742.0,BK-12,43,118.0,BK34,40.63508,-74.008888,40.634923,-74.009133,07/16/2025,New Construction,No,Non Prevailing Wage,,,,,4.0,,,1.0,3.0,,,,,,4.0,,4.0,8
76323/156814,2024-07-11,B00517128,2022-05-24,BK12,11,3,76323,156814,5306 9TH AVENUE,07/11/2024,,156814.0,882,53 STREET,Brooklyn,11220.0,3056657504.0,3429828.0,BK-12,43,10602.0,BK34,40.638275,-74.003553,40.638028,-74.003589,,New Construction,No,Non Prevailing Wage,,,,,3.0,,,,3.0,,,,,,3.0,,3.0,8
72244/1004887,2021-11-10,321980692,2020-03-18,BK12,11,3,72244,1004887,1232 50 STREET,11/10/2021,09/09/2022,1004887.0,1232,50 STREET,Brooklyn,11219.0,3056480020.0,3138035.0,BK-12,44,220.0,BK88,40.635264,-73.994041,40.635113,-73.994235,09/09/2022,New Construction,No,Non Prevailing Wage,,,,,3.0,,,,3.0,,,,,,3.0,,3.0,8
77142/148901,2025-05-01,322033651,2022-02-22,BK12,11,9,77142,148901,1054 41 STREET,05/01/2025,03/18/2026,148901.0,1054,41 STREET,Brooklyn,11219.0,3055917513.0,3429176.0,BK-12,38,112.0,BK34,40.642801,-73.992934,40.642526,-73.992919,03/18/2026,New Construction,No,Non Prevailing Wage,,,,,9.0,,,4.0,5.0,,,,,,9.0,,9.0,28
74850/1015473,2023-11-29,321591817,2022-06-07,BK12,11,5,74850,1015473,4622 FORT HAMILTON PARKWAY,11/29/2023,11/03/2025,1015473.0,4622,FORT HAMILTON PARKWAY,Brooklyn,11219.0,3056207502.0,3428908.0,BK-12,44,114.0,BK88,40.639669,-73.995737,40.639581,-73.996357,11/03/2025,New Construction,No,Non Prevailing Wage,,,,,5.0,,,5.0,,,,,,,5.0,,5.0,16
76327/348490,2024-07-09,302370191,2007-10-17,BK12,11,9,76327,348490,265 OCEAN PARKWAY,07/09/2024,05/01/2026,348490.0,265,OCEAN PARKWAY,Brooklyn,11218.0,3053580091.0,3125502.0,BK-12,39,494.0,BK41,40.64282,-73.973991,40.643037,-73.973447,05/01/2026,New Construction,No,Non Prevailing Wage,,,,,9.0,,1.0,6.0,2.0,,,,,,9.0,,9.0,28
76285/139880,2024-09-20,B00681814,2022-09-06,BK12,11,13,76285,139880,3914 15TH AVENUE,09/20/2024,,139880.0,3914,15 AVENUE,Brooklyn,11218.0,3053467504.0,3430205.0,BK-12,39,228.0,BK88,40.637832,-73.982042,40.637719,-73.982547,,New Construction,No,Non Prevailing Wage,,,,,13.0,,,6.0,7.0,,,,,,13.0,,13.0,42
73309/982307,2022-10-25,320624810,2017-08-30,BK12,11,3,73309,982307,4023 10TH AVENUE,10/25/2022,05/08/2026,982307.0,4023,10 AVENUE,Brooklyn,11219.0,3055877501.0,3426644.0,BK-12,38,110.0,BK34,40.643885,-73.993658,40.643471,-73.993737,05/08/2026,New Construction,No,Non Prevailing Wage,,,,,3.0,,,1.0,2.0,,,,,,3.0,,3.0,10
72204/147951,2022-01-17,321512412,2019-08-06,BK12,11,4,72204,147951,1224 39TH STREET APARTMENTS,01/17/2022,11/07/2022,147951.0,1224,39 STREET,Brooklyn,11218.0,3052930013.0,3123064.0,BK-12,39,230.0,BK88,40.641521,-73.987792,40.641277,-73.987864,11/07/2022,New Construction,No,Non Prevailing Wage,,,,,4.0,,,2.0,2.0,,,,,,4.0,,4.0,6
76753/1016665,2025-01-30,421586572,2019-03-08,QN04,12,3,76753,1016665,88-30 54 AVENUE APARTMENTS,01/30/2025,01/14/2026,1016665.0,88-30,54 AVENUE,Queens,11373.0,4018400011.0,4625759.0,QN-04,25,473.0,QN29,40.737065,-73.874916,40.737018,-73.874155,01/14/2026,New Construction,No,Non Prevailing Wage,,,,,3.0,,,3.0,,,,,,,3.0,,3.0,7
78393/1008322,2022-07-29,421091231,2016-03-14,QN04,12,3,78393,1008322,108-07 44 AVENUE,07/29/2022,06/30/2023,1008322.0,108-07,44 AVENUE,Queens,11368.0,4019990065.0,4596362.0,QN-04,21,40101.0,QN26,40.748207,-73.856955,40.748282,-73.857074,06/30/2023,New Construction,No,Non Prevailing Wage,,,,,3.0,,,3.0,,,,,,,3.0,,3.0,7
72259/1003191,2021-09-10,421797372,2020-03-05,QN04,12,3,72259,1003191,ROOSEVELT DEVELOPMENT PHASE II,09/10/2021,12/31/2025,692348.0,108-40,ROOSEVELT AVENUE,Queens,11368.0,4019967505.0,4307718.0,QN-04,21,40101.0,QN26,40.750852,-73.858281,40.750908,-73.857194,06/12/2025,New Construction,No,Non Prevailing Wage,,,,,3.0,,,,3.0,,,,,,3.0,,3.0,7
72259/1003191,2021-09-10,421797372,2020-03-05,QN04,12,3,72259,1003191,ROOSEVELT DEVELOPMENT PHASE II,09/10/2021,12/31/2025,1003189.0,108-42,ROOSEVELT AVENUE,Queens,11368.0,4019967510.0,4619687.0,QN-04,21,40101.0,QN26,40.750852,-73.858281,40.750936,-73.857104,11/05/2025,New Construction,No,Non Prevailing Wage,,,,,3.0,,,,3.0,,,,,,3.0,,3.0,7
72259/1003191,2021-09-10,421797372,2020-03-05,QN04,12,3,72259,1003191,ROOSEVELT DEVELOPMENT PHASE II,09/10/2021,12/31/2025,1003190.0,108-58,ROOSEVELT AVENUE,Queens,11368.0,4019967507.0,4619692.0,QN-04,21,40101.0,QN26,40.750855,-73.858266,40.751103,-73.856544,12/31/2025,New Construction,No,Non Prevailing Wage,,,,,3.0,,,,3.0,,,,,,3.0,,3.0,7
72259/1003191,2021-09-10,421797372,2020-03-05,QN04,12,3,72259,1003191,ROOSEVELT DEVELOPMENT PHASE II,09/10/2021,12/31/2025,1003191.0,108-46,ROOSEVELT AVENUE,Queens,11368.0,4019967508.0,4619688.0,QN-04,21,40101.0,QN26,40.750852,-73.858277,40.750963,-73.85701,06/12/2025,New Construction,No,Non Prevailing Wage,,,,,3.0,,,,3.0,,,,,,3.0,,3.0,7
72259/1003191,2021-09-10,421797372,2020-03-05,QN04,12,3,72259,1003191,ROOSEVELT DEVELOPMENT PHASE II,09/10/2021,12/31/2025,1003192.0,108-60,ROOSEVELT AVENUE,Queens,11368.0,4019967504.0,4619693.0,QN-04,21,40101.0,QN26,40.750858,-73.858263,40.75113,-73.85645,04/29/2022,New Construction,No,Non Prevailing Wage,,,,,3.0,,,,3.0,,,,,,3.0,,3.0,7
72259/1003191,2021-09-10,421797372,2020-03-05,QN04,12,3,72259,1003191,ROOSEVELT DEVELOPMENT PHASE II,09/10/2021,12/31/2025,1003193.0,108-50,ROOSEVELT AVENUE,Queens,11368.0,4019967503.0,4620702.0,QN-04,21,40101.0,QN26,40.750855,-73.858274,40.751018,-73.856822,01/31/2025,New Construction,No,Non Prevailing Wage,,,,,3.0,,,,3.0,,,,,,3.0,,3.0,7
72259/1003191,2021-09-10,421797372,2020-03-05,QN04,12,3,72259,1003191,ROOSEVELT DEVELOPMENT PHASE II,09/10/2021,12/31/2025,1003194.0,108-54,ROOSEVELT AVENUE,Queens,11368.0,4019967509.0,4619691.0,QN-04,21,40101.0,QN26,40.750855,-73.85827,40.751075,-73.856638,11/12/2025,New Construction,No,Non Prevailing Wage,,,,,3.0,,,,3.0,,,,,,3.0,,3.0,7
77137/989647,2025-05-14,421586581,2019-03-08,QN04,12,3,77137,989647,88-34 54 AVENUE APARTMENTS,05/14/2025,01/14/2026,989647.0,88-34,54 AVENUE,Queens,11373.0,4018400013.0,4045371.0,QN-04,25,473.0,QN29,40.737065,-73.874909,40.737037,-73.874065,01/14/2026,New Construction,No,Non Prevailing Wage,,,,,3.0,,,3.0,,,,,,,3.0,,3.0,7
78301/1011209,2023-11-27,421797363,2020-03-06,QN04,12,3,78301,1011209,108-48 ROOSEVELT AVENUE,11/27/2023,06/12/2025,1011209.0,108-48,ROOSEVELT AVENUE,Queens,11368.0,4019967506.0,4619689.0,QN-04,21,40101.0,QN26,40.750852,-73.858274,40.75099,-73.856916,06/12/2025,New Construction,No,Non Prevailing Wage,,,,,3.0,,,,3.0,,,,,,3.0,,3.0,7
74995/513538,2023-11-07,Q00559761,2022-04-13,QN04,12,3,74995,513538,53-10 102ND STREET,11/07/2023,11/27/2024,513538.0,53-10,102 STREET,Queens,11368.0,4019380018.0,4621036.0,QN-04,21,44301.0,QN25,40.741214,-73.859207,40.740959,-73.859305,11/27/2024,New Construction,No,Non Prevailing Wage,,,,,3.0,,,2.0,1.0,,,,,,3.0,,3.0,7
72259/692348,2021-09-10,421797390,2020-02-19,QN04,12,3,72259,692348,ROOSEVELT DEVELOPMENT PHASE II,09/10/2021,12/31/2025,692348.0,108-40,ROOSEVELT AVENUE,Queens,11368.0,4019967505.0,4307718.0,QN-04,21,40101.0,QN26,40.750852,-73.858281,40.750908,-73.857194,06/12/2025,New Construction,No,Non Prevailing Wage,,,,,3.0,,,,3.0,,,,,,3.0,,3.0,7
72259/692348,2021-09-10,421797390,2020-02-19,QN04,12,3,72259,692348,ROOSEVELT DEVELOPMENT PHASE II,09/10/2021,12/31/2025,1003189.0,108-42,ROOSEVELT AVENUE,Queens,11368.0,4019967510.0,4619687.0,QN-04,21,40101.0,QN26,40.750852,-73.858281,40.750936,-73.857104,11/05/2025,New Construction,No,Non Prevailing Wage,,,,,3.0,,,,3.0,,,,,,3.0,,3.0,7
72259/692348,2021-09-10,421797390,2020-02-19,QN04,12,3,72259,692348,ROOSEVELT DEVELOPMENT PHASE II,09/10/2021,12/31/2025,1003190.0,108-58,ROOSEVELT AVENUE,Queens,11368.0,4019967507.0,4619692.0,QN-04,21,40101.0,QN26,40.750855,-73.858266,40.751103,-73.856544,12/31/2025,New Construction,No,Non Prevailing Wage,,,,,3.0,,,,3.0,,,,,,3.0,,3.0,7
72259/692348,2021-09-10,421797390,2020-02-19,QN04,12,3,72259,692348,ROOSEVELT DEVELOPMENT PHASE II,09/10/2021,12/31/2025,1003191.0,108-46,ROOSEVELT AVENUE,Queens,11368.0,4019967508.0,4619688.0,QN-04,21,40101.0,QN26,40.750852,-73.858277,40.750963,-73.85701,06/12/2025,New Construction,No,Non Prevailing Wage,,,,,3.0,,,,3.0,,,,,,3.0,,3.0,7
72259/692348,2021-09-10,421797390,2020-02-19,QN04,12,3,72259,692348,ROOSEVELT DEVELOPMENT PHASE II,09/10/2021,12/31/2025,1003192.0,108-60,ROOSEVELT AVENUE,Queens,11368.0,4019967504.0,4619693.0,QN-04,21,40101.0,QN26,40.750858,-73.858263,40.75113,-73.85645,04/29/2022,New Construction,No,Non Prevailing Wage,,,,,3.0,,,,3.0,,,,,,3.0,,3.0,7
72259/692348,2021-09-10,421797390,2020-02-19,QN04,12,3,72259,692348,ROOSEVELT DEVELOPMENT PHASE II,09/10/2021,12/31/2025,1003193.0,108-50,ROOSEVELT AVENUE,Queens,11368.0,4019967503.0,4620702.0,QN-04,21,40101.0,QN26,40.750855,-73.858274,40.751018,-73.856822,01/31/2025,New Construction,No,Non Prevailing Wage,,,,,3.0,,,,3.0,,,,,,3.0,,3.0,7
72259/692348,2021-09-10,421797390,2020-02-19,QN04,12,3,72259,692348,ROOSEVELT DEVELOPMENT PHASE II,09/10/2021,12/31/2025,1003194.0,108-54,ROOSEVELT AVENUE,Queens,11368.0,4019967509.0,4619691.0,QN-04,21,40101.0,QN26,40.750855,-73.85827,40.751075,-73.856638,11/12/2025,New Construction,No,Non Prevailing Wage,,,,,3.0,,,,3.0,,,,,,3.0,,3.0,7
74145/992500,2022-09-12,420664819,2021-01-28,QN04,12,4,74145,992500,57-14A AND 57-14B GRANGER STREET APARTMENTS,09/12/2022,10/03/2025,992500.0,57-14,GRANGER STREET,Queens,11368.0,4019500042.0,4000000.0,QN-04,21,43702.0,QN25,40.739153,-73.85709,40.739035,-73.8574,10/03/2025,New Construction,No,Non Prevailing Wage,,,,,4.0,,,4.0,,,,,,,4.0,,4.0,12
81967/1021965,2026-06-19,420665417,2024-03-29,QN04,12,3,81967,1021965,40-54 JUNCTION BOULEVARD,06/19/2026,,1021965.0,40-54,JUNCTION BOULEVARD,Queens,11368.0,4015960034.0,4625397.0,QN-04,21,465.0,QN29,40.748068,-73.868778,40.747681,-73.868851,,New Construction,No,Non Prevailing Wage,,,,,3.0,,,,3.0,,,,,,3.0,,3.0,7
72457/991672,2022-04-04,421724487,2019-06-28,QN04,12,6,72457,991672,57-41 GRANGER STREET,04/04/2022,11/15/2022,991672.0,57-41,GRANGER STREET,Queens,11368.0,4019510010.0,4048009.0,QN-04,21,43702.0,QN25,40.73902,-73.856621,40.739121,-73.856278,11/15/2022,New Construction,No,Non Prevailing Wage,,,,,6.0,,,2.0,4.0,,,,,,6.0,,6.0,20
72259/1003192,2021-09-10,421797318,2020-02-24,QN04,12,3,72259,1003192,ROOSEVELT DEVELOPMENT PHASE II,09/10/2021,12/31/2025,692348.0,108-40,ROOSEVELT AVENUE,Queens,11368.0,4019967505.0,4307718.0,QN-04,21,40101.0,QN26,40.750852,-73.858281,40.750908,-73.857194,06/12/2025,New Construction,No,Non Prevailing Wage,,,,,3.0,,,,3.0,,,,,,3.0,,3.0,7
72259/1003192,2021-09-10,421797318,2020-02-24,QN04,12,3,72259,1003192,ROOSEVELT DEVELOPMENT PHASE II,09/10/2021,12/31/2025,1003189.0,108-42,ROOSEVELT AVENUE,Queens,11368.0,4019967510.0,4619687.0,QN-04,21,40101.0,QN26,40.750852,-73.858281,40.750936,-73.857104,11/05/2025,New Construction,No,Non Prevailing Wage,,,,,3.0,,,,3.0,,,,,,3.0,,3.0,7
72259/1003192,2021-09-10,421797318,2020-02-24,QN04,12,3,72259,1003192,ROOSEVELT DEVELOPMENT PHASE II,09/10/2021,12/31/2025,1003190.0,108-58,ROOSEVELT AVENUE,Queens,11368.0,4019967507.0,4619692.0,QN-04,21,40101.0,QN26,40.750855,-73.858266,40.751103,-73.856544,12/31/2025,New Construction,No,Non Prevailing Wage,,,,,3.0,,,,3.0,,,,,,3.0,,3.0,7
72259/1003192,2021-09-10,421797318,2020-02-24,QN04,12,3,72259,1003192,ROOSEVELT DEVELOPMENT PHASE II,09/10/2021,12/31/2025,1003191.0,108-46,ROOSEVELT AVENUE,Queens,11368.0,4019967508.0,4619688.0,QN-04,21,40101.0,QN26,40.750852,-73.858277,40.750963,-73.85701,06/12/2025,New Construction,No,Non Prevailing Wage,,,,,3.0,,,,3.0,,,,,,3.0,,3.0,7
72259/1003192,2021-09-10,421797318,2020-02-24,QN04,12,3,72259,1003192,ROOSEVELT DEVELOPMENT PHASE II,09/10/2021,12/31/2025,1003192.0,108-60,ROOSEVELT AVENUE,Queens,11368.0,4019967504.0,4619693.0,QN-04,21,40101.0,QN26,40.750858,-73.858263,40.75113,-73.85645,04/29/2022,New Construction,No,Non Prevailing Wage,,,,,3.0,,,,3.0,,,,,,3.0,,3.0,7
72259/1003192,2021-09-10,421797318,2020-02-24,QN04,12,3,72259,1003192,ROOSEVELT DEVELOPMENT PHASE II,09/10/2021,12/31/2025,1003193.0,108-50,ROOSEVELT AVENUE,Queens,11368.0,4019967503.0,4620702.0,QN-04,21,40101.0,QN26,40.750855,-73.858274,40.751018,-73.856822,01/31/2025,New Construction,No,Non Prevailing Wage,,,,,3.0,,,,3.0,,,,,,3.0,,3.0,7
72259/1003192,2021-09-10,421797318,2020-02-24,QN04,12,3,72259,1003192,ROOSEVELT DEVELOPMENT PHASE II,09/10/2021,12/31/2025,1003194.0,108-54,ROOSEVELT AVENUE,Queens,11368.0,4019967509.0,4619691.0,QN-04,21,40101.0,QN26,40.750855,-73.85827,40.751075,-73.856638,11/12/2025,New Construction,No,Non Prevailing Wage,,,,,3.0,,,,3.0,,,,,,3.0,,3.0,7
72213/1008559,2021-12-20,421583833,2020-01-31,QN04,12,3,72213,1008559,55-44 97 PLACE APARTMENTS,12/20/2021,06/08/2023,1008559.0,55-44,97 PLACE,Queens,11368.0,4019050047.0,4047191.0,QN-04,21,44302.0,QN25,40.738592,-73.863658,40.737588,-73.863545,06/08/2023,New Construction,No,Non Prevailing Wage,,,,,3.0,,,,3.0,,,,,,3.0,,3.0,10
73291/994592,2022-08-09,421091348,2016-03-21,QN04,12,3,73291,994592,43-17 & 43-19 108TH STREET APARTMENTS,08/09/2022,06/30/2023,994592.0,108-03,44 AVENUE,Queens,11368.0,4019990066.0,4624715.0,QN-04,21,40101.0,QN26,40.748207,-73.856958,40.74823,-73.857243,06/30/2023,New Construction,No,Non Prevailing Wage,,,,,3.0,,,3.0,,,,,,,3.0,,3.0,7
72235/669812,2021-11-17,420337709,2015-08-31,QN04,12,3,72235,669812,40-53 JUNCTION BOULEVARD APARTMENTS,11/17/2021,03/20/2023,669812.0,40-53,JUNCTION BOULEVARD,Queens,11368.0,4016050049.0,4040211.0,QN-04,21,37501.0,QN26,40.747826,-73.868634,40.747834,-73.868274,03/20/2023,New Construction,No,Non Prevailing Wage,,,,,3.0,,,3.0,,,,,,,3.0,,3.0,10
72259/1003189,2021-09-10,421797381,2020-03-04,QN04,12,3,72259,1003189,ROOSEVELT DEVELOPMENT PHASE II,09/10/2021,12/31/2025,692348.0,108-40,ROOSEVELT AVENUE,Queens,11368.0,4019967505.0,4307718.0,QN-04,21,40101.0,QN26,40.750852,-73.858281,40.750908,-73.857194,06/12/2025,New Construction,No,Non Prevailing Wage,,,,,3.0,,,,3.0,,,,,,3.0,,3.0,7
72259/1003189,2021-09-10,421797381,2020-03-04,QN04,12,3,72259,1003189,ROOSEVELT DEVELOPMENT PHASE II,09/10/2021,12/31/2025,1003189.0,108-42,ROOSEVELT AVENUE,Queens,11368.0,4019967510.0,4619687.0,QN-04,21,40101.0,QN26,40.750852,-73.858281,40.750936,-73.857104,11/05/2025,New Construction,No,Non Prevailing Wage,,,,,3.0,,,,3.0,,,,,,3.0,,3.0,7
72259/1003189,2021-09-10,421797381,2020-03-04,QN04,12,3,72259,1003189,ROOSEVELT DEVELOPMENT PHASE II,09/10/2021,12/31/2025,1003190.0,108-58,ROOSEVELT AVENUE,Queens,11368.0,4019967507.0,4619692.0,QN-04,21,40101.0,QN26,40.750855,-73.858266,40.751103,-73.856544,12/31/2025,New Construction,No,Non Prevailing Wage,,,,,3.0,,,,3.0,,,,,,3.0,,3.0,7
72259/1003189,2021-09-10,421797381,2020-03-04,QN04,12,3,72259,1003189,ROOSEVELT DEVELOPMENT PHASE II,09/10/2021,12/31/2025,1003191.0,108-46,ROOSEVELT AVENUE,Queens,11368.0,4019967508.0,4619688.0,QN-04,21,40101.0,QN26,40.750852,-73.858277,40.750963,-73.85701,06/12/2025,New Construction,No,Non Prevailing Wage,,,,,3.0,,,,3.0,,,,,,3.0,,3.0,7
72259/1003189,2021-09-10,421797381,2020-03-04,QN04,12,3,72259,1003189,ROOSEVELT DEVELOPMENT PHASE II,09/10/2021,12/31/2025,1003192.0,108-60,ROOSEVELT AVENUE,Queens,11368.0,4019967504.0,4619693.0,QN-04,21,40101.0,QN26,40.750858,-73.858263,40.75113,-73.85645,04/29/2022,New Construction,No,Non Prevailing Wage,,,,,3.0,,,,3.0,,,,,,3.0,,3.0,7
72259/1003189,2021-09-10,421797381,2020-03-04,QN04,12,3,72259,1003189,ROOSEVELT DEVELOPMENT PHASE II,09/10/2021,12/31/2025,1003193.0,108-50,ROOSEVELT AVENUE,Queens,11368.0,4019967503.0,4620702.0,QN-04,21,40101.0,QN26,40.750855,-73.858274,40.751018,-73.856822,01/31/2025,New Construction,No,Non Prevailing Wage,,,,,3.0,,,,3.0,,,,,,3.0,,3.0,7
72259/1003189,2021-09-10,421797381,2020-03-04,QN04,12,3,72259,1003189,ROOSEVELT DEVELOPMENT PHASE II,09/10/2021,12/31/2025,1003194.0,108-54,ROOSEVELT AVENUE,Queens,11368.0,4019967509.0,4619691.0,QN-04,21,40101.0,QN26,40.750855,-73.85827,40.751075,-73.856638,11/12/2025,New Construction,No,Non Prevailing Wage,,,,,3.0,,,,3.0,,,,,,3.0,,3.0,7
72259/1003194,2021-09-10,421797336,2020-02-27,QN04,12,3,72259,1003194,ROOSEVELT DEVELOPMENT PHASE II,09/10/2021,12/31/2025,692348.0,108-40,ROOSEVELT AVENUE,Queens,11368.0,4019967505.0,4307718.0,QN-04,21,40101.0,QN26,40.750852,-73.858281,40.750908,-73.857194,06/12/2025,New Construction,No,Non Prevailing Wage,,,,,3.0,,,,3.0,,,,,,3.0,,3.0,7
72259/1003194,2021-09-10,421797336,2020-02-27,QN04,12,3,72259,1003194,ROOSEVELT DEVELOPMENT PHASE II,09/10/2021,12/31/2025,1003189.0,108-42,ROOSEVELT AVENUE,Queens,11368.0,4019967510.0,4619687.0,QN-04,21,40101.0,QN26,40.750852,-73.858281,40.750936,-73.857104,11/05/2025,New Construction,No,Non Prevailing Wage,,,,,3.0,,,,3.0,,,,,,3.0,,3.0,7
72259/1003194,2021-09-10,421797336,2020-02-27,QN04,12,3,72259,1003194,ROOSEVELT DEVELOPMENT PHASE II,09/10/2021,12/31/2025,1003190.0,108-58,ROOSEVELT AVENUE,Queens,11368.0,4019967507.0,4619692.0,QN-04,21,40101.0,QN26,40.750855,-73.858266,40.751103,-73.856544,12/31/2025,New Construction,No,Non Prevailing Wage,,,,,3.0,,,,3.0,,,,,,3.0,,3.0,7
72259/1003194,2021-09-10,421797336,2020-02-27,QN04,12,3,72259,1003194,ROOSEVELT DEVELOPMENT PHASE II,09/10/2021,12/31/2025,1003191.0,108-46,ROOSEVELT AVENUE,Queens,11368.0,4019967508.0,4619688.0,QN-04,21,40101.0,QN26,40.750852,-73.858277,40.750963,-73.85701,06/12/2025,New Construction,No,Non Prevailing Wage,,,,,3.0,,,,3.0,,,,,,3.0,,3.0,7
72259/1003194,2021-09-10,421797336,2020-02-27,QN04,12,3,72259,1003194,ROOSEVELT DEVELOPMENT PHASE II,09/10/2021,12/31/2025,1003192.0,108-60,ROOSEVELT AVENUE,Queens,11368.0,4019967504.0,4619693.0,QN-04,21,40101.0,QN26,40.750858,-73.858263,40.75113,-73.85645,04/29/2022,New Construction,No,Non Prevailing Wage,,,,,3.0,,,,3.0,,,,,,3.0,,3.0,7
72259/1003194,2021-09-10,421797336,2020-02-27,QN04,12,3,72259,1003194,ROOSEVELT DEVELOPMENT PHASE II,09/10/2021,12/31/2025,1003193.0,108-50,ROOSEVELT AVENUE,Queens,11368.0,4019967503.0,4620702.0,QN-04,21,40101.0,QN26,40.750855,-73.858274,40.751018,-73.856822,01/31/2025,New Construction,No,Non Prevailing Wage,,,,,3.0,,,,3.0,,,,,,3.0,,3.0,7
72259/1003194,2021-09-10,421797336,2020-02-27,QN04,12,3,72259,1003194,ROOSEVELT DEVELOPMENT PHASE II,09/10/2021,12/31/2025,1003194.0,108-54,ROOSEVELT AVENUE,Queens,11368.0,4019967509.0,4619691.0,QN-04,21,40101.0,QN26,40.750855,-73.85827,40.751075,-73.856638,11/12/2025,New Construction,No,Non Prevailing Wage,,,,,3.0,,,,3.0,,,,,,3.0,,3.0,7
72242/646924,2021-11-16,421641183,2020-10-06,QN04,12,3,72242,646924,99-21 CORONA AVENUE APARTMENTS,11/16/2021,04/07/2023,646924.0,99-21,CORONA AVENUE,Queens,11368.0,4016290103.0,4040752.0,QN-04,21,413.0,QN25,40.744338,-73.862337,40.744555,-73.86225,04/07/2023,New Construction,No,Non Prevailing Wage,,,,,3.0,,,2.0,1.0,,,,,,3.0,,3.0,7
72259/1003193,2021-09-10,421797354,2020-03-10,QN04,12,3,72259,1003193,ROOSEVELT DEVELOPMENT PHASE II,09/10/2021,12/31/2025,692348.0,108-40,ROOSEVELT AVENUE,Queens,11368.0,4019967505.0,4307718.0,QN-04,21,40101.0,QN26,40.750852,-73.858281,40.750908,-73.857194,06/12/2025,New Construction,No,Non Prevailing Wage,,,,,3.0,,,,3.0,,,,,,3.0,,3.0,7
72259/1003193,2021-09-10,421797354,2020-03-10,QN04,12,3,72259,1003193,ROOSEVELT DEVELOPMENT PHASE II,09/10/2021,12/31/2025,1003189.0,108-42,ROOSEVELT AVENUE,Queens,11368.0,4019967510.0,4619687.0,QN-04,21,40101.0,QN26,40.750852,-73.858281,40.750936,-73.857104,11/05/2025,New Construction,No,Non Prevailing Wage,,,,,3.0,,,,3.0,,,,,,3.0,,3.0,7
72259/1003193,2021-09-10,421797354,2020-03-10,QN04,12,3,72259,1003193,ROOSEVELT DEVELOPMENT PHASE II,09/10/2021,12/31/2025,1003190.0,108-58,ROOSEVELT AVENUE,Queens,11368.0,4019967507.0,4619692.0,QN-04,21,40101.0,QN26,40.750855,-73.858266,40.751103,-73.856544,12/31/2025,New Construction,No,Non Prevailing Wage,,,,,3.0,,,,3.0,,,,,,3.0,,3.0,7
72259/1003193,2021-09-10,421797354,2020-03-10,QN04,12,3,72259,1003193,ROOSEVELT DEVELOPMENT PHASE II,09/10/2021,12/31/2025,1003191.0,108-46,ROOSEVELT AVENUE,Queens,11368.0,4019967508.0,4619688.0,QN-04,21,40101.0,QN26,40.750852,-73.858277,40.750963,-73.85701,06/12/2025,New Construction,No,Non Prevailing Wage,,,,,3.0,,,,3.0,,,,,,3.0,,3.0,7
72259/1003193,2021-09-10,421797354,2020-03-10,QN04,12,3,72259,1003193,ROOSEVELT DEVELOPMENT PHASE II,09/10/2021,12/31/2025,1003192.0,108-60,ROOSEVELT AVENUE,Queens,11368.0,4019967504.0,4619693.0,QN-04,21,40101.0,QN26,40.750858,-73.858263,40.75113,-73.85645,04/29/2022,New Construction,No,Non Prevailing Wage,,,,,3.0,,,,3.0,,,,,,3.0,,3.0,7
72259/1003193,2021-09-10,421797354,2020-03-10,QN04,12,3,72259,1003193,ROOSEVELT DEVELOPMENT PHASE II,09/10/2021,12/31/2025,1003193.0,108-50,ROOSEVELT AVENUE,Queens,11368.0,4019967503.0,4620702.0,QN-04,21,40101.0,QN26,40.750855,-73.858274,40.751018,-73.856822,01/31/2025,New Construction,No,Non Prevailing Wage,,,,,3.0,,,,3.0,,,,,,3.0,,3.0,7
72259/1003193,2021-09-10,421797354,2020-03-10,QN04,12,3,72259,1003193,ROOSEVELT DEVELOPMENT PHASE II,09/10/2021,12/31/2025,1003194.0,108-54,ROOSEVELT AVENUE,Queens,11368.0,4019967509.0,4619691.0,QN-04,21,40101.0,QN26,40.750855,-73.85827,40.751075,-73.856638,11/12/2025,New Construction,No,Non Prevailing Wage,,,,,3.0,,,,3.0,,,,,,3.0,,3.0,7
73693/433760,2023-03-10,421698620,2022-03-11,QN04,12,3,73693,433760,94-50 45TH AVENUE,03/10/2023,12/19/2024,433760.0,94-50,45 AVENUE,Queens,11373.0,4016020028.0,4618175.0,QN-04,25,463.0,QN29,40.744021,-73.870147,40.744217,-73.868905,12/19/2024,New Construction,No,Non Prevailing Wage,,,,,3.0,,,,3.0,,,,,,3.0,,3.0,7
76295/513569,2024-09-12,Q00568483,2022-04-12,QN04,12,3,76295,513569,55-06 102ND STREET,09/12/2024,,513569.0,55-06,102 STREET,Queens,11368.0,4019390046.0,4000000.0,QN-04,21,44301.0,QN25,40.740065,-73.85786,40.739873,-73.857998,,New Construction,No,Non Prevailing Wage,,,,,3.0,,,2.0,1.0,,,,,,3.0,,3.0,7
76293/513568,2024-09-12,Q00568340,2022-04-16,QN04,12,3,76293,513568,55-04 102ND STREET,09/12/2024,,513568.0,55-04,102 STREET,Queens,11368.0,4019390045.0,4000000.0,QN-04,21,44301.0,QN25,40.740065,-73.857864,40.73992,-73.858062,,New Construction,No,Non Prevailing Wage,,,,,3.0,,,2.0,1.0,,,,,,3.0,,3.0,7
74985/660259,2023-11-13,421616914,2022-06-09,QN04,12,4,74985,660259,58-12 & 58-14 GRANGER STREET,11/13/2023,,660259.0,58-14,GRANGER STREET,Queens,11368.0,4019570013.0,4624347.0,QN-04,21,43702.0,QN25,40.738433,-73.854854,40.7382,-73.854811,,New Construction,No,Non Prevailing Wage,,,,,4.0,,,2.0,,2.0,,,,,4.0,,4.0,12
77574/1013812,2025-09-18,Q08011227,2023-07-15,QN04,12,3,77574,1013812,86-05 BRITTON AVENUE,09/18/2025,01/14/2026,1013812.0,86-05,BRITTON AVENUE,Queens,11373.0,4015030048.0,4000000.0,QN-04,25,26901.0,QN29,40.746551,-73.879745,40.746762,-73.8799,01/14/2026,New Construction,No,Non Prevailing Wage,,,3.0,,,,,1.0,2.0,,,,,,3.0,,3.0,10
74648/443399,2023-07-24,440657898,2021-10-05,QN04,12,3,74648,443399,97-01 55TH AVENUE,07/24/2023,06/05/2026,443399.0,97-01,55 AVENUE,Queens,11368.0,4018970004.0,4047018.0,QN-04,21,44302.0,QN25,40.738676,-73.864521,40.738857,-73.864556,06/05/2026,New Construction,No,Non Prevailing Wage,,,,,3.0,,,1.0,2.0,,,,,,3.0,,3.0,8
72613/701504,2022-05-16,Q00503708,2021-10-22,QN04,12,3,72613,701504,56-15 VAN CLEEF STREET APARTMENTS,05/16/2022,01/18/2023,701504.0,56-15,VAN CLEEF STREET,Queens,11368.0,4019680073.0,4625500.0,QN-04,21,43701.0,QN25,40.740532,-73.852056,40.740713,-73.851966,01/18/2023,New Construction,No,Non Prevailing Wage,,,,,3.0,,,3.0,,,,,,,3.0,,3.0,7
77568/1018520,2025-08-26,Q00659801,2022-05-17,QN04,12,16,77568,1018520,83-07 QUEENS BLVD,08/26/2025,03/13/2026,1018520.0,83-07,QUEENS BOULEVARD,Queens,11373.0,4015420016.0,4624628.0,QN-04,25,473.0,QN29,40.737271,-73.879943,40.737708,-73.880025,03/13/2026,New Construction,No,Non Prevailing Wage,,,,,16.0,,,14.0,2.0,,,,,,16.0,,16.0,53
72266/1000663,2021-08-18,421924804,2019-04-10,QN04,12,3,72266,1000663,56-12 VAN CLEEF STREET APARTMENTS,08/18/2021,08/25/2022,1000663.0,56-12,VAN CLEEF STREET,Queens,11368.0,4019670006.0,4618851.0,QN-04,21,43701.0,QN25,40.740527,-73.8521,40.740373,-73.852298,08/25/2022,New Construction,No,Non Prevailing Wage,,,,,3.0,,,3.0,,,,,,,3.0,,3.0,7
73213/1008831,2022-08-09,421674600,2020-08-03,QN04,12,3,73213,1008831,42-41 JUDGE STREET APARTMENTS,08/09/2022,03/14/2024,1008831.0,42-41,JUDGE STREET,Queens,11373.0,4015160044.0,4037468.0,QN-04,25,27101.0,QN29,40.744144,-73.880096,40.744199,-73.879692,03/14/2024,New Construction,No,Non Prevailing Wage,,,,1.0,2.0,,,1.0,1.0,1.0,,,,,3.0,,3.0,10
72259/1003190,2021-09-10,421797327,2020-02-25,QN04,12,3,72259,1003190,ROOSEVELT DEVELOPMENT PHASE II,09/10/2021,12/31/2025,692348.0,108-40,ROOSEVELT AVENUE,Queens,11368.0,4019967505.0,4307718.0,QN-04,21,40101.0,QN26,40.750852,-73.858281,40.750908,-73.857194,06/12/2025,New Construction,No,Non Prevailing Wage,,,,,3.0,,,,3.0,,,,,,3.0,,3.0,7
72259/1003190,2021-09-10,421797327,2020-02-25,QN04,12,3,72259,1003190,ROOSEVELT DEVELOPMENT PHASE II,09/10/2021,12/31/2025,1003189.0,108-42,ROOSEVELT AVENUE,Queens,11368.0,4019967510.0,4619687.0,QN-04,21,40101.0,QN26,40.750852,-73.858281,40.750936,-73.857104,11/05/2025,New Construction,No,Non Prevailing Wage,,,,,3.0,,,,3.0,,,,,,3.0,,3.0,7
72259/1003190,2021-09-10,421797327,2020-02-25,QN04,12,3,72259,1003190,ROOSEVELT DEVELOPMENT PHASE II,09/10/2021,12/31/2025,1003190.0,108-58,ROOSEVELT AVENUE,Queens,11368.0,4019967507.0,4619692.0,QN-04,21,40101.0,QN26,40.750855,-73.858266,40.751103,-73.856544,12/31/2025,New Construction,No,Non Prevailing Wage,,,,,3.0,,,,3.0,,,,,,3.0,,3.0,7
72259/1003190,2021-09-10,421797327,2020-02-25,QN04,12,3,72259,1003190,ROOSEVELT DEVELOPMENT PHASE II,09/10/2021,12/31/2025,1003191.0,108-46,ROOSEVELT AVENUE,Queens,11368.0,4019967508.0,4619688.0,QN-04,21,40101.0,QN26,40.750852,-73.858277,40.750963,-73.85701,06/12/2025,New Construction,No,Non Prevailing Wage,,,,,3.0,,,,3.0,,,,,,3.0,,3.0,7
72259/1003190,2021-09-10,421797327,2020-02-25,QN04,12,3,72259,1003190,ROOSEVELT DEVELOPMENT PHASE II,09/10/2021,12/31/2025,1003192.0,108-60,ROOSEVELT AVENUE,Queens,11368.0,4019967504.0,4619693.0,QN-04,21,40101.0,QN26,40.750858,-73.858263,40.75113,-73.85645,04/29/2022,New Construction,No,Non Prevailing Wage,,,,,3.0,,,,3.0,,,,,,3.0,,3.0,7
72259/1003190,2021-09-10,421797327,2020-02-25,QN04,12,3,72259,1003190,ROOSEVELT DEVELOPMENT PHASE II,09/10/2021,12/31/2025,1003193.0,108-50,ROOSEVELT AVENUE,Queens,11368.0,4019967503.0,4620702.0,QN-04,21,40101.0,QN26,40.750855,-73.858274,40.751018,-73.856822,01/31/2025,New Construction,No,Non Prevailing Wage,,,,,3.0,,,,3.0,,,,,,3.0,,3.0,7
72259/1003190,2021-09-10,421797327,2020-02-25,QN04,12,3,72259,1003190,ROOSEVELT DEVELOPMENT PHASE II,09/10/2021,12/31/2025,1003194.0,108-54,ROOSEVELT AVENUE,Queens,11368.0,4019967509.0,4619691.0,QN-04,21,40101.0,QN26,40.750855,-73.85827,40.751075,-73.856638,11/12/2025,New Construction,No,Non Prevailing Wage,,,,,3.0,,,,3.0,,,,,,3.0,,3.0,7
